3142,297,1913,324,1812,434,1902,450,1901,699,1880,656,1754,358,1762,466,1808,583,1763,420,1679,510,1723,635,1599,701,1627,369,1500,413,1479,500,1490,617,1496,738,1517,934,1166,998,895,1048,713,711,900,720,559,729,349,727,205,531,884,545,496,561,247,548,91,359,943,350,576,367,329,373,162,196,1035,162,742,164,556,166,402
3143,319,1854,360,1792,438,1874,452,1889,699,1926,699,1818,430,1744,533,1806,667,1785,518,1685,595,1719,726,1604,801,1644,435,1529,487,1512,599,1500,708,1514,853,1552,1047,1197,1167,965,1244,788,785,901,816,559,831,348,831,204,600,892,592,495,601,237,587,75,436,962,417,600,412,358,406,188,275,1051,213,770,177,591,150,471
3144,231,1651,263,1568,392,1634,412,1629,651,1629,619,1517,330,1483,430,1534,575,1505,417,1424,493,1465,630,1382,666,1449,340,1294,393,1263,493,1280,615,1302,739,1412,1010,1178,1138,972,1237,823,748,818,838,525,889,338,925,207,554,789,622,457,664,228,683,80,372,838,393,512,404,282,418,129,193,919,140,672,97,516,69,385
3145,378,1754,382,1669,505,1752,532,1739,756,1715,746,1617,452,1621,548,1665,654,1631,527,1549,607,1576,716,1473,786,1503,438,1403,495,1376,589,1375,711,1380,830,1426,1049,1129,1190,914,1326,765,801,856,902,561,948,380,965,237,592,838,600,486,597,242,571,90,413,930,341,596,295,361,260,210,245,1005,150,745,102,577,85,439
3146,325,1646,345,1555,446,1661,476,1684,700,1696,698,1562,439,1531,532,1595,632,1575,495,1463,583,1517,715,1406,753,1451,423,1322,500,1299,597,1307,699,1313,817,1377,1033,1115,1086,884,1139,709,808,801,871,516,914,344,936,207,602,781,614,435,613,207,604,51,428,844,401,516,383,296,374,133,258,942,163,705,113,563,78,429
3147,401,1799,416,1735,521,1805,544,1811,787,1801,774,1672,476,1671,571,1725,684,1694,551,1608,630,1635,757,1527,808,1541,473,1444,540,1422,629,1418,755,1432,873,1475,1098,1168,1190,915,1285,747,876,841,939,529,959,348,962,210,648,827,672,457,692,235,686,95,474,912,421,575,409,349,413,206,314,1017,217,763,176,587,178,446
3148,258,1964,355,1849,405,1955,397,1974,677,2043,673,1866,405,1813,509,1875,614,1870,498,1751,578,1795,716,1692,791,1749,430,1589,476,1563,574,1573,704,1580,850,1632,1038,1271,1148,998,1245,814,817,992,863,622,903,400,930,260,602,964,622,545,638,265,631,94,407,1026,350,644,327,385,316,216,232,1110,131,829,93,651,92,517
3149,372,1751,458,1690,513,1754,541,1729,759,1754,746,1629,451,1598,569,1646,695,1609,528,1531,619,1565,721,1473,796,1510,460,1392,514,1370,596,1358,722,1377,846,1426,1083,1106,1212,903,1277,735,855,795,962,493,1013,296,1027,166,629,792,629,417,619,171,597,16,460,882,408,531,376,300,354,144,309,975,213,727,163,587,144,467
3150,331,1801,342,1720,455,1806,482,1811,721,1821,723,1692,404,1656,513,1716,635,1695,492,1593,578,1629,689,1515,759,1566,425,1422,472,1407,573,1407,690,1421,813,1451,1025,1083,1129,835,1218,648,796,831,864,513,906,310,925,162,590,823,621,457,628,209,624,42,410,876,365,527,352,284,348,114,254,970,193,704,160,532,149,386
3151,296,1827,308,1753,409,1832,441,1793,677,1817,664,1687,352,1661,460,1713,599,1693,430,1594,522,1644,673,1558,726,1571,359,1429,425,1417,527,1429,662,1456,783,1507,1005,1195,1113,981,1221,801,790,865,874,571,922,387,948,229,590,857,614,501,618,260,600,85,411,918,363,597,303,364,266,187,257,1010,129,797,48,651,28,505
3152,488,2021,495,1925,611,2016,650,2016,938,2055,938,1899,570,1864,696,1929,817,1928,699,1817,780,1847,945,1729,977,1740,601,1611,660,1599,778,1599,914,1607,1016,1614,1197,1220,1246,913,1233,695,931,911,920,546,903,337,894,214,723,930,646,530,599,290,552,135,567,1052,450,683,402,433,379,255,413,1126,252,863,176,693,151,559
3153,604,1906,618,1828,740,1909,755,1920,1015,1889,990,1751,677,1769,781,1819,887,1789,764,1702,833,1726,968,1601,1015,1621,656,1543,713,1515,819,1501,946,1501,1074,1543,1282,1187,1403,950,1530,790,1007,881,1047,559,1056,356,1052,199,778,893,767,515,751,267,721,107,607,994,524,655,473,415,455,251,444,1118,294,877,213,708,161,563
3154,454,1786,474,1702,600,1816,632,1827,873,1830,864,1671,566,1662,675,1723,753,1702,634,1593,724,1635,847,1519,895,1565,555,1448,623,1410,714,1412,843,1421,957,1479,1134,1165,1200,932,1249,745,909,858,957,552,980,369,992,220,702,856,711,485,704,245,689,77,526,931,471,588,433,353,406,182,354,1044,228,805,150,660,93,524
3156,68,1993,162,1870,207,2012,264,1990,528,2062,542,1879,215,1812,339,1901,444,1901,316,1761,411,1815,572,1725,632,1795,282,1569,350,1555,469,1571,585,1612,715,1701,971,1338,1087,1033,1166,834,750,953,752,560,744,315,732,159,520,926,513,475,480,176,441,2,323,969,291,557,265,279,254,100,140,1045,112,719,86,508,66,342
3157,285,1781,312,1733,380,1801,411,1791,635,1860,662,1754,391,1652,486,1730,571,1732,460,1617,529,1668,693,1592,730,1644,420,1464,500,1458,595,1468,702,1510,796,1587,1045,1288,1205,1106,1354,978,868,945,943,631,975,437,980,279,671,893,705,529,723,290,719,120,475,942,428,599,397,375,369,207,314,1021,234,768,179,607,127,464
3159,308,1784,317,1720,472,1802,502,1780,753,1787,735,1676,439,1672,539,1716,650,1702,524,1608,601,1632,729,1534,775,1559,408,1452,488,1424,603,1427,715,1436,831,1469,1050,1170,1149,919,1190,725,798,873,881,552,939,378,990,255,590,872,630,504,675,272,697,133,419,937,386,592,377,369,372,223,257,1018,164,753,122,584,101,446
3160,196,1939,199,1881,327,1939,353,1932,595,1926,573,1813,281,1789,393,1850,563,1778,363,1716,452,1758,564,1662,650,1678,285,1551,346,1530,435,1541,574,1552,689,1581,875,1221,911,957,931,734,659,926,707,590,732,393,718,219,459,912,493,514,503,266,489,79,286,986,297,616,298,386,305,203,138,1098,105,835,91,674,99,517
3161,427,2294,453,2169,593,2286,604,2260,905,2275,898,2082,548,2130,665,2165,786,2137,652,2047,738,2055,848,1920,930,1948,520,1848,600,1804,700,1793,844,1798,975,1827,1259,1395,1312,1033,1318,790,842,1062,883,635,898,394,890,215,632,1087,642,607,635,316,618,119,451,1183,428,744,426,472,439,266,278,1314,169,987,139,811,134,634
3162,320,1964,382,1876,433,1992,463,1960,691,2015,699,1877,403,1830,496,1888,617,1888,499,1786,585,1812,699,1708,776,1733,402,1620,469,1593,562,1596,688,1602,814,1615,990,1202,1067,903,1105,697,733,946,752,555,756,327,747,176,543,970,548,530,568,257,556,94,375,1056,326,651,324,396,326,232,234,1137,179,819,183,625,196,462
3164,361,1791,366,1711,494,1812,530,1796,771,1827,789,1702,473,1644,573,1721,704,1713,558,1611,656,1652,780,1534,853,1581,476,1442,550,1416,650,1421,773,1435,908,1501,1217,1280,1389,1068,1535,934,880,879,972,553,1031,340,1073,192,675,857,686,473,690,203,681,34,504,911,443,558,385,313,358,137,354,1008,242,752,161,590,115,456
3165,193,2053,263,1960,326,2048,367,2028,610,2074,618,1919,306,1881,428,1946,520,1934,397,1837,489,1884,633,1807,683,1851,340,1647,415,1629,513,1641,639,1685,767,1780,1031,1430,1144,1116,1181,907,834,1028,879,644,878,407,857,234,608,1013,646,575,677,284,670,98,414,1066,416,658,412,386,400,201,213,1146,165,836,132,642,108,480
3166,299,1983,350,1853,436,1974,490,1973,759,2016,755,1869,410,1845,534,1901,672,1874,514,1766,609,1817,724,1692,803,1744,429,1603,494,1573,599,1581,728,1591,873,1644,1063,1268,1139,1015,1198,810,807,932,826,586,820,382,796,226,600,935,605,537,572,276,536,101,435,1019,423,642,410,388,400,204,265,1124,209,838,161,671,150,514
3167,313,2247,352,2160,488,2281,522,2242,802,2250,806,2071,416,2065,529,2138,671,2114,526,2017,618,2039,739,1927,792,1966,437,1795,508,1768,616,1775,758,1807,866,1863,1209,1507,1382,1226,1515,1030,886,1113,986,712,1042,482,1070,317,647,1086,624,633,590,350,547,165,471,1160,418,740,391,480,384,286,291,1253,153,957,96,789,68,631
3168,444,2098,504,1994,577,2121,585,2132,883,2151,865,2014,561,1973,669,2035,777,2033,650,1898,725,1954,891,1842,959,1899,573,1728,637,1704,743,1713,880,1728,1028,1810,1316,1456,1521,1242,1678,1082,1001,1056,1063,663,1080,430,1081,251,754,1055,756,620,743,341,716,149,549,1135,517,707,481,438,475,240,343,1243,217,940,156,756,114,585
3169,368,1964,378,1890,531,1973,561,1932,798,1945,781,1804,455,1793,576,1842,688,1819,532,1726,628,1760,751,1668,816,1717,459,1559,530,1544,630,1534,765,1560,870,1642,1183,1334,1361,1144,1499,1004,907,934,997,600,1040,385,1055,249,685,923,716,522,724,253,718,88,503,1014,452,635,409,383,391,215,339,1101,199,848,117,711,71,588
3170,327,2210,349,2108,468,2225,500,2178,776,2170,771,2001,397,2019,513,2071,633,2048,488,1927,582,1969,725,1863,800,1892,417,1743,495,1721,588,1716,731,1734,870,1797,1113,1379,1247,1081,1352,878,815,1046,814,638,831,403,827,238,608,1039,611,574,623,281,623,93,423,1123,405,685,404,399,406,182,250,1221,183,904,133,709,107,544
3171,717,2197,760,2107,862,2249,883,2219,1145,2319,1181,2105,841,2090,976,2137,1078,2127,952,2013,1029,2046,1174,1910,1251,1959,843,1809,894,1781,1004,1781,1151,1791,1294,1831,1547,1414,1695,1114,1811,897,1224,1099,1268,688,1302,453,1319,268,974,1098,963,628,969,333,951,131,769,1193,657,764,583,500,512,297,562,1321,344,1046,219,912,115,780
3172,444,1857,456,1757,603,1861,609,1831,881,1810,856,1667,519,1682,627,1739,754,1697,593,1611,678,1649,823,1561,875,1620,507,1446,582,1420,685,1434,821,1460,947,1547,1240,1297,1392,1074,1470,905,931,862,1020,530,1057,323,1076,176,712,844,731,455,741,204,738,44,521,901,486,537,471,291,459,129,336,1004,191,752,110,593,54,461
3173,141,1868,160,1789,290,1877,318,1885,576,1915,565,1770,254,1709,382,1789,500,1765,355,1652,440,1710,597,1642,647,1678,276,1481,343,1469,458,1490,604,1539,708,1589,923,1232,983,971,1031,757,747,904,771,563,782,371,766,204,524,875,557,473,583,226,570,53,338,925,362,554,379,313,395,137,170,1000,154,713,167,544,186,393
3174,204,1934,212,1841,356,1936,385,1929,642,1916,628,1760,285,1766,390,1824,511,1792,359,1686,440,1722,585,1619,642,1664,293,1495,353,1482,453,1485,574,1505,709,1545,977,1174,1098,895,1178,696,708,878,720,516,709,286,695,119,507,851,549,453,570,188,572,7,324,912,362,528,410,268,446,87,147,995,123,696,112,506,120,349
3175,261,2280,295,2161,432,2304,463,2289,763,2314,766,2114,382,2111,505,2170,630,2158,512,2046,586,2068,729,1955,801,1985,415,1813,488,1791,588,1807,735,1825,856,1859,1222,1457,1444,1173,1604,981,847,1057,883,621,901,375,900,191,618,1053,621,564,600,259,572,62,435,1130,410,674,406,390,417,180,253,1225,135,886,106,705,98,529
3176,335,1905,342,1826,453,1908,468,1883,716,1869,711,1748,388,1717,497,1794,611,1775,479,1688,559,1726,702,1619,755,1670,427,1503,482,1479,581,1485,711,1518,827,1587,1112,1285,1290,1089,1436,944,876,913,961,576,1003,376,1029,214,664,873,673,482,691,242,689,74,482,925,444,557,431,322,421,152,298,1032,158,785,128,645,64,491
3177,356,1992,405,1891,495,2003,519,2009,782,2042,798,1895,458,1852,561,1919,694,1909,561,1793,643,1829,774,1699,850,1751,471,1627,541,1587,631,1582,762,1589,903,1619,1132,1207,1244,897,1334,686,846,920,890,536,924,314,932,143,623,925,639,502,647,225,639,35,427,1004,371,604,357,330,357,141,257,1117,163,810,123,616,107,452
3181,615,2211,628,2118,780,2246,811,2194,1109,2202,1098,2022,697,2046,840,2109,965,2095,798,1979,895,2019,1054,1908,1117,1968,703,1799,780,1762,903,1764,1036,1794,1176,1915,1544,1593,1678,1293,1820,1065,1146,1087,1253,675,1308,421,1352,243,883,1080,870,605,861,294,857,86,664,1148,559,712,467,419,410,213,458,1277,274,979,140,793,46,636
3182,403,2152,466,2031,544,2199,587,2193,866,2278,890,2116,553,2071,683,2134,801,2117,658,2008,747,2036,919,1929,968,1981,538,1836,648,1795,750,1786,897,1814,1050,1904,1348,1519,1444,1180,1528,969,961,1085,1028,670,1059,420,1055,245,694,1090,683,619,665,313,630,127,486,1173,405,735,334,455,299,265,297,1326,164,1013,83,814,37,648
3183,502,2022,528,1928,640,2039,671,1980,935,2014,930,1839,630,1876,714,1905,813,1885,687,1799,769,1829,889,1741,955,1808,603,1651,689,1614,799,1621,928,1629,1030,1752,1373,1468,1554,1214,1748,1093,1068,1026,1186,643,1249,418,1298,248,806,996,785,543,754,256,732,56,605,1073,523,653,466,379,431,169,419,1179,243,901,133,729,69,567
3184,463,2140,527,1977,604,2120,659,2128,959,2161,961,1985,591,1980,715,2034,848,2016,701,1898,808,1948,947,1811,1006,1869,601,1733,687,1691,797,1692,937,1699,1089,1760,1290,1346,1324,1027,1384,792,986,973,989,577,974,346,936,174,756,987,726,539,666,248,615,55,572,1090,489,670,423,392,368,191,389,1205,259,897,173,719,146,545
3185,554,2112,595,2026,694,2137,733,2108,998,2154,1017,1985,660,1975,780,2025,885,2027,750,1919,833,1954,995,1817,1046,1875,632,1755,713,1717,821,1691,964,1698,1109,1763,1335,1359,1506,1108,1613,885,966,998,931,627,916,395,891,196,731,1017,697,587,673,304,644,94,542,1134,458,734,413,472,389,249,377,1267,262,972,186,805,138,629
3186,558,2184,576,2084,683,2209,722,2177,990,2210,1009,2053,651,2060,762,2095,888,2082,760,1983,852,2010,979,1894,1013,1928,636,1804,719,1771,832,1758,955,1778,1079,1841,1311,1393,1364,1058,1464,818,987,1040,1051,621,1090,379,1114,188,753,1074,767,591,778,295,760,94,557,1175,511,715,478,424,458,221,366,1290,227,962,150,763,98,577
3187,444,2110,471,2015,583,2106,622,2115,913,2137,916,1967,515,1963,658,2026,783,2005,633,1917,720,1954,846,1826,936,1892,518,1724,603,1710,721,1697,864,1726,1004,1805,1252,1416,1347,1149,1403,929,993,1051,1115,694,1184,476,1220,315,746,1000,764,563,763,280,745,102,531,1073,452,677,380,409,325,230,332,1204,187,925,99,750,53,588
3188,429,2219,445,2113,583,2216,585,2171,899,2168,872,1987,496,2011,619,2063,744,2045,603,1940,701,1955,850,1868,920,1921,498,1757,573,1729,693,1715,866,1746,1002,1803,1220,1402,1356,1102,1456,881,894,1077,920,675,952,433,971,239,677,1080,681,634,692,335,692,126,479,1169,389,765,342,481,297,281,295,1254,157,955,77,756,30,586
3189,340,2196,378,2090,501,2214,524,2211,820,2235,785,2045,442,2055,578,2113,670,2101,543,1984,630,2012,749,1885,836,1929,459,1815,508,1777,617,1775,755,1780,903,1815,1159,1388,1233,1073,1315,847,803,1054,833,652,855,404,855,236,566,1062,563,591,564,282,563,95,376,1166,349,729,326,444,312,252,188,1282,127,938,89,728,69,573
3190,288,2176,309,2065,421,2194,467,2170,757,2225,768,2022,404,2081,518,2078,632,2069,491,1969,594,2009,763,1926,836,1994,443,1774,511,1749,622,1772,756,1813,890,1930,1243,1592,1503,1386,1713,1235,961,1129,1129,737,1227,513,1303,332,716,1092,800,613,845,293,868,73,493,1137,493,678,482,358,474,137,269,1225,186,864,130,629,106,437
3191,397,2198,426,2115,552,2237,581,2175,849,2191,848,2007,461,2031,581,2082,717,2055,559,1970,651,2007,819,1892,867,1955,465,1793,544,1758,664,1758,792,1781,948,1894,1270,1518,1388,1201,1486,971,880,1069,944,663,974,422,977,225,640,1052,660,591,671,291,666,96,458,1139,415,717,397,431,378,221,275,1249,172,916,122,698,89,516
3196,370,2166,442,2041,526,2172,540,2170,829,2218,855,2044,484,2059,595,2076,761,2064,605,1979,692,2006,841,1873,906,1930,509,1792,574,1777,694,1755,821,1763,980,1848,1216,1421,1298,1120,1352,920,884,1045,901,619,907,374,898,216,624,1041,629,549,622,246,607,74,418,1154,340,698,283,412,240,235,229,1290,128,961,69,771,38,644
3204,328,1808,336,1739,460,1798,493,1796,711,1793,693,1682,424,1666,523,1724,662,1649,480,1589,547,1639,643,1535,727,1571,393,1464,456,1439,554,1438,662,1455,787,1496,1014,1179,1152,960,1238,778,756,911,800,589,813,383,811,233,556,908,526,543,503,296,484,131,392,977,332,643,302,422,285,257,249,1046,179,790,138,637,105,501
3205,381,1888,392,1815,482,1887,516,1848,734,1863,751,1744,437,1719,517,1784,656,1758,522,1665,601,1709,707,1622,779,1650,472,1509,528,1490,627,1497,741,1524,847,1562,1061,1236,1171,983,1282,797,869,949,970,609,1038,406,1071,250,668,912,686,515,700,244,695,71,488,986,421,616,385,365,373,192,333,1076,207,820,145,656,101,514
3206,608,1743,642,1658,717,1750,765,1756,968,1759,957,1644,698,1663,782,1692,864,1675,765,1606,834,1618,913,1531,991,1559,679,1495,736,1460,818,1439,925,1432,1038,1468,1236,1135,1400,943,1515,778,984,870,1061,539,1109,344,1145,186,765,884,762,503,761,263,748,94,582,970,506,619,447,389,416,228,426,1118,259,895,150,769,62,652
3207,456,1967,459,1883,585,1966,618,1954,857,1945,844,1812,511,1800,626,1860,732,1840,597,1734,692,1762,844,1653,870,1701,523,1578,583,1552,688,1538,814,1545,940,1597,1201,1255,1347,1023,1467,849,886,914,964,555,1010,332,1038,169,666,918,688,500,697,218,685,46,488,1018,421,637,395,377,362,208,325,1140,209,870,142,702,90,561
3208,444,1761,497,1674,551,1796,598,1835,809,1906,858,1771,576,1703,673,1755,768,1769,680,1655,753,1681,906,1582,915,1635,587,1479,672,1449,764,1457,888,1477,1002,1545,1214,1192,1351,962,1442,790,951,890,1023,540,1062,339,1076,185,743,887,744,477,741,216,725,45,563,946,498,573,452,335,429,168,379,1045,207,789,116,650,47,520
3209,358,1749,392,1668,454,1756,494,1757,702,1785,721,1678,443,1629,529,1686,636,1685,513,1583,605,1632,690,1567,758,1631,484,1438,547,1418,626,1429,747,1467,853,1552,1155,1262,1340,1082,1442,941,940,876,1078,557,1171,382,1228,244,731,848,786,467,831,212,850,54,533,907,484,556,457,328,433,171,344,999,207,779,124,646,57,517
3210,521,1849,563,1768,617,1863,641,1847,869,1907,890,1777,613,1749,704,1797,813,1794,701,1695,777,1731,922,1630,945,1704,621,1562,705,1521,803,1517,907,1535,1028,1613,1230,1244,1377,1009,1502,844,987,910,1034,548,1060,346,1068,179,775,906,774,481,773,218,758,42,577,980,491,602,424,359,375,191,415,1109,273,847,188,697,119,562
3212,471,1944,482,1843,581,1939,637,1945,864,1944,850,1793,530,1808,628,1855,752,1831,625,1747,706,1765,848,1652,887,1688,523,1575,607,1538,696,1541,827,1549,957,1587,1114,1197,1210,941,1252,749,836,944,842,577,846,367,832,210,633,955,600,535,584,273,561,98,460,1033,374,652,318,415,287,251,289,1139,150,854,113,694,88,543
3213,425,1841,450,1773,527,1850,569,1840,781,1855,785,1732,501,1741,578,1789,697,1767,583,1688,664,1721,752,1618,808,1638,494,1535,550,1514,639,1517,762,1530,874,1543,1027,1197,1131,982,1184,806,799,949,835,598,856,397,863,253,600,945,602,543,592,282,585,124,436,1027,379,649,334,398,312,231,279,1127,176,865,123,696,95,548
3214,565,1936,609,1840,670,1903,694,1903,958,1917,952,1776,700,1834,776,1823,882,1795,756,1736,821,1747,907,1631,998,1658,660,1613,710,1577,786,1548,901,1537,1042,1556,1243,1202,1314,935,1346,722,912,926,924,579,949,376,966,217,696,963,686,562,683,314,670,142,543,1084,477,710,444,477,421,299,404,1230,280,967,188,826,104,690
3216,215,1775,236,1703,343,1789,371,1839,635,1778,623,1652,313,1678,404,1737,521,1683,383,1608,467,1641,614,1533,665,1567,334,1423,383,1413,476,1426,587,1437,702,1478,1005,1204,1134,950,1261,774,741,887,878,580,949,374,988,216,538,885,617,518,640,256,622,95,375,956,386,617,395,370,390,211,224,1012,171,752,147,583,112,442
3217,425,2016,498,1927,551,2019,575,2019,833,2097,864,1933,562,1893,649,1941,790,1950,657,1843,734,1875,832,1796,918,1842,584,1692,652,1656,748,1656,864,1681,978,1761,1253,1404,1448,1180,1608,1042,987,1022,1076,631,1134,412,1167,266,765,1020,779,567,778,275,772,102,582,1084,512,665,463,393,423,216,407,1178,254,902,167,743,107,626
3220,279,2002,303,1893,431,1996,456,1954,689,1968,683,1833,385,1814,490,1879,599,1865,496,1779,561,1805,714,1706,772,1766,425,1605,492,1589,592,1592,705,1622,830,1699,1049,1342,1234,1103,1335,903,837,963,865,572,899,358,914,214,635,952,601,517,589,240,552,74,454,1029,433,629,423,364,409,189,286,1106,193,798,157,616,130,479
3221,316,2027,351,1940,445,2073,478,2069,734,2115,765,1956,439,1912,571,1992,658,1982,520,1837,614,1892,787,1814,817,1858,465,1668,547,1655,645,1668,771,1686,892,1762,1205,1465,1386,1222,1523,1039,950,1066,1052,694,1120,463,1157,283,725,1016,792,580,828,289,833,76,518,1069,454,667,407,384,357,186,328,1176,195,893,114,724,48,548
3224,364,2046,430,1948,506,2046,520,2045,772,2076,788,1951,497,1931,585,1975,699,1961,584,1878,644,1915,809,1831,845,1885,524,1721,578,1698,679,1702,799,1737,918,1803,1149,1447,1316,1178,1455,1008,920,1084,994,689,1040,487,1059,319,707,1050,761,604,772,325,749,133,519,1115,505,682,494,410,493,225,333,1232,204,936,145,763,96,604
3226,325,2179,376,2098,450,2189,470,2196,718,2267,753,2107,450,2067,546,2117,658,2119,543,2014,614,2045,719,1966,811,2004,484,1859,552,1829,625,1827,752,1850,876,1925,1157,1566,1310,1305,1444,1133,883,1174,997,790,1060,569,1095,421,677,1177,749,725,797,437,818,265,483,1250,537,819,569,543,591,361,313,1338,238,1029,200,852,176,716
3227,602,1835,630,1750,720,1844,749,1832,986,1844,980,1694,665,1708,767,1758,876,1727,749,1641,820,1666,961,1575,1018,1603,664,1479,714,1460,829,1455,937,1461,1052,1517,1369,1310,1534,1108,1681,980,1018,875,1121,556,1170,366,1192,223,766,842,783,443,786,188,789,30,584,948,488,581,428,351,395,199,416,1077,231,843,133,707,60,593
3228,551,1899,618,1786,693,1873,696,1902,940,1908,933,1774,702,1784,772,1817,852,1807,770,1706,838,1726,950,1630,1032,1683,691,1543,770,1519,856,1521,972,1530,1083,1556,1372,1257,1586,1094,1737,974,1082,915,1171,563,1210,348,1227,195,865,895,853,492,822,236,781,76,671,959,529,611,446,386,400,224,487,1079,278,872,169,748,93,621
3229,240,2162,263,2066,369,2171,400,2168,665,2168,654,1996,321,2020,423,2084,536,2060,389,1920,474,1978,636,1869,690,1913,322,1755,398,1740,503,1746,627,1757,752,1792,964,1435,1011,1132,1015,911,746,1109,802,719,831,479,841,297,544,1078,589,636,600,336,584,124,352,1145,351,728,344,443,338,238,176,1252,124,940,94,754,91,567
3230,428,1997,450,1898,575,2013,607,1973,836,2004,848,1861,521,1846,631,1899,745,1892,639,1803,716,1826,859,1725,926,1763,545,1633,619,1620,716,1612,833,1624,956,1680,1127,1269,1233,983,1241,758,864,934,821,535,802,300,785,145,661,957,584,504,526,224,471,61,493,1049,418,637,363,374,323,197,331,1150,203,844,130,659,90,516
3231,364,1880,396,1803,488,1896,501,1916,735,1950,758,1808,464,1802,548,1854,653,1844,539,1741,617,1771,711,1680,775,1715,467,1591,538,1568,631,1554,739,1565,850,1610,1064,1278,1210,1029,1372,890,794,952,822,569,858,350,879,193,594,946,581,500,579,218,564,56,418,1034,384,638,352,373,333,209,248,1138,137,855,66,683,26,537
3235,310,1979,330,1913,423,1986,463,1981,686,1983,687,1852,393,1871,498,1929,590,1900,477,1826,541,1852,672,1745,720,1800,394,1669,472,1642,563,1646,667,1683,786,1708,1004,1316,1090,1047,1144,843,752,1006,753,627,763,397,767,233,547,979,534,544,524,266,501,72,372,1055,344,661,313,401,292,211,206,1177,152,872,122,679,108,534
3236,344,1920,378,1845,461,1943,484,1959,705,1996,730,1867,437,1832,527,1896,624,1896,519,1782,609,1825,701,1750,765,1794,477,1619,546,1610,642,1620,742,1639,849,1703,1122,1410,1339,1226,1539,1145,911,1047,1025,683,1108,473,1167,326,708,1007,760,563,797,284,806,119,519,1063,545,662,550,396,553,232,332,1137,217,856,144,683,97,538
3237,230,2127,267,2033,360,2145,393,2134,613,2171,639,2005,338,2011,430,2046,550,2044,426,1936,508,1967,653,1851,704,1896,336,1777,408,1748,514,1736,633,1750,760,1812,1011,1432,1148,1127,1181,900,691,1060,761,665,822,419,845,243,465,1052,535,607,578,296,573,99,299,1145,325,741,344,458,354,261,129,1246,91,941,90,753,96,590
3239,535,1962,549,1873,689,1953,707,1903,953,1905,925,1766,614,1803,717,1836,822,1805,683,1704,767,1755,907,1679,935,1707,619,1564,696,1551,789,1561,892,1577,1003,1638,1337,1375,1469,1116,1607,946,1043,984,1196,651,1277,451,1338,295,829,950,892,544,903,267,912,90,652,1013,572,638,497,383,451,211,483,1112,297,873,173,725,79,589
3240,530,1968,561,1860,667,1916,696,1907,948,1874,927,1723,602,1789,690,1842,809,1793,664,1710,748,1734,901,1620,951,1662,587,1546,648,1512,744,1507,864,1509,1010,1551,1298,1253,1430,998,1540,828,929,900,1014,573,1046,365,1068,209,700,936,718,553,713,296,704,124,518,1031,441,667,379,425,344,255,356,1146,222,896,128,745,69,611
3241,528,2134,593,2032,669,2144,689,2143,970,2196,967,2005,646,1993,740,2072,854,2059,734,1947,810,1985,966,1881,1026,1930,666,1765,739,1749,815,1745,948,1770,1081,1837,1389,1454,1597,1180,1798,1047,1092,1053,1207,644,1284,389,1317,199,857,1052,915,566,940,231,934,22,664,1123,613,685,558,387,521,182,489,1233,328,929,225,730,168,554
3243,530,1902,554,1829,636,1892,662,1893,898,1897,893,1765,590,1794,687,1824,792,1807,683,1732,741,1740,862,1611,916,1634,552,1595,609,1559,703,1536,831,1513,956,1539,1146,1186,1240,929,1318,737,857,892,910,534,925,322,916,155,640,914,648,515,618,258,553,84,465,1019,401,645,362,397,343,216,300,1156,159,876,80,693,25,536
3244,470,2175,500,2075,601,2189,633,2181,869,2221,887,2051,561,2032,667,2093,776,2091,660,1984,737,2008,890,1879,932,1927,549,1823,622,1782,727,1772,850,1776,981,1823,1253,1421,1423,1129,1530,913,860,1046,938,629,995,371,1010,194,634,1059,668,582,683,255,662,56,468,1164,458,735,446,441,433,240,302,1273,200,967,160,773,126,611
3245,475,1891,521,1812,581,1901,597,1912,828,1976,859,1848,580,1808,674,1847,773,1856,686,1752,750,1775,875,1675,926,1708,585,1606,652,1580,733,1571,861,1572,982,1622,1216,1304,1317,1040,1404,848,995,970,1111,621,1169,421,1201,256,764,959,806,556,810,295,765,117,567,1030,515,649,483,400,477,220,378,1155,222,871,131,696,67,544
3246,472,2037,521,1931,645,2059,668,2052,936,2068,925,1900,604,1946,695,1979,826,1964,706,1874,773,1892,897,1773,968,1827,602,1699,659,1676,761,1668,898,1673,1026,1725,1282,1343,1356,1039,1442,815,939,1009,991,619,1019,381,1026,206,727,1029,738,575,742,287,728,101,556,1111,548,688,545,412,541,215,366,1227,236,906,146,727,83,568
3249,227,1888,276,1792,347,1881,364,1882,612,1906,617,1754,312,1761,390,1802,513,1790,392,1695,485,1729,601,1638,641,1680,342,1531,397,1522,468,1521,599,1536,698,1598,971,1290,1171,1104,1321,975,734,906,875,569,962,392,993,231,541,895,610,484,670,252,670,81,367,955,367,553,360,296,362,125,200,1067,130,785,113,606,104,462
3256,343,1827,372,1771,463,1840,481,1839,739,1870,739,1762,446,1776,540,1834,651,1810,533,1732,599,1749,739,1652,779,1674,429,1572,506,1552,604,1543,730,1553,841,1598,1141,1326,1306,1100,1429,939,869,947,1014,612,1084,413,1111,252,640,926,710,528,730,275,693,94,456,997,473,616,482,367,501,189,269,1104,158,801,95,614,57,456
3259,209,1663,252,1617,323,1675,330,1698,583,1706,545,1598,295,1542,389,1608,540,1558,370,1480,469,1536,574,1429,642,1464,304,1337,362,1316,451,1315,568,1329,686,1357,860,1024,967,793,1031,633,690,780,747,450,783,244,792,111,499,768,501,404,512,156,490,16,330,829,287,490,289,256,285,109,172,900,94,638,71,458,61,322
3260,251,1456,292,1406,366,1462,398,1436,595,1424,541,1345,336,1320,404,1362,536,1323,378,1263,454,1307,552,1260,578,1295,315,1173,372,1151,451,1153,530,1172,645,1228,822,1010,926,856,1019,719,633,732,668,480,680,335,666,209,462,729,457,431,444,236,420,99,317,768,281,501,269,323,271,185,194,854,123,662,89,550,81,421
3263,397,1778,408,1712,518,1776,553,1756,771,1758,761,1646,456,1647,558,1683,679,1650,532,1571,610,1602,739,1496,793,1524,431,1428,499,1391,611,1381,723,1382,846,1447,1102,1156,1212,915,1328,751,764,824,754,499,744,292,732,135,557,837,545,477,526,227,520,60,386,915,330,573,304,339,293,167,211,1016,121,756,93,597,88,444
3265,414,1724,429,1638,547,1719,565,1722,840,1718,798,1570,504,1603,590,1637,719,1589,578,1536,632,1545,777,1410,842,1443,455,1377,511,1339,620,1321,752,1299,879,1339,1037,999,1098,764,1145,584,755,774,793,484,794,292,781,149,547,806,529,484,494,257,456,107,399,894,360,599,333,384,312,228,255,1007,186,777,148,631,100,492
3266,327,1786,337,1719,440,1786,459,1772,709,1779,697,1656,388,1631,509,1665,623,1646,472,1561,564,1603,694,1500,757,1541,391,1420,456,1389,551,1387,677,1392,807,1451,1013,1131,1164,935,1304,791,768,850,841,534,880,330,907,179,573,850,617,488,635,245,638,85,406,920,399,586,401,353,416,188,236,1011,158,765,104,615,79,465
3267,267,1650,297,1584,402,1657,427,1651,654,1647,629,1534,360,1519,449,1568,566,1541,420,1451,494,1501,624,1415,669,1444,351,1324,404,1302,499,1299,621,1311,730,1351,899,1030,962,801,1011,624,690,788,732,481,737,282,717,145,502,786,512,427,515,183,500,29,342,841,304,512,284,285,283,128,202,938,142,682,117,519,117,380
3269,536,1942,557,1838,660,1940,697,1932,936,1930,937,1786,605,1763,715,1845,825,1824,682,1716,764,1750,916,1623,953,1676,591,1547,660,1517,758,1503,892,1500,1027,1572,1273,1230,1418,988,1528,831,983,916,1034,582,1048,373,1050,210,745,909,731,520,706,256,681,89,550,1004,468,647,418,410,383,240,388,1123,229,895,151,749,89,605
3270,313,1891,319,1791,455,1893,457,1864,714,1839,692,1698,359,1702,462,1775,590,1742,426,1620,509,1693,670,1597,731,1647,386,1452,450,1451,554,1465,668,1495,799,1570,1062,1270,1200,1046,1289,880,842,886,887,554,915,352,928,207,646,859,673,482,692,238,686,77,460,920,423,562,411,335,398,173,278,979,187,705,135,543,86,408
3271,424,2028,448,1944,552,2084,575,2025,825,2093,857,1942,515,1886,631,1933,746,1938,609,1821,705,1861,832,1743,857,1801,506,1676,563,1641,690,1625,814,1629,960,1730,1233,1375,1372,1099,1509,886,885,973,965,591,985,345,998,151,651,996,672,556,658,257,641,51,464,1095,430,692,400,414,387,203,305,1209,217,899,167,720,125,527
3272,248,2027,285,1903,402,2030,418,2029,701,2071,715,1872,354,1859,495,1917,573,1908,445,1793,521,1828,678,1720,731,1784,353,1609,433,1588,527,1594,670,1607,809,1724,1024,1372,1119,1101,1174,888,750,954,779,592,778,367,768,202,524,946,548,535,547,265,538,89,333,1015,326,639,320,376,322,193,150,1120,105,821,88,642,87,471
3273,305,2036,362,1930,457,2033,474,2034,756,2061,764,1888,415,1883,527,1954,640,1931,526,1815,621,1850,773,1732,835,1772,422,1619,496,1585,610,1585,760,1581,915,1691,1231,1369,1427,1105,1591,939,856,913,873,525,879,291,863,105,625,938,636,495,634,221,616,23,434,1011,376,595,350,321,326,119,236,1103,168,767,126,563,106,377
3274,652,2198,667,2109,797,2217,818,2170,1082,2198,1070,2022,679,2042,803,2092,930,2065,771,1967,866,2006,1011,1879,1033,1935,659,1820,740,1782,845,1752,973,1756,1129,1839,1418,1470,1554,1155,1717,932,1041,1053,1147,634,1176,377,1190,174,787,1081,819,606,812,286,793,68,597,1202,549,769,513,475,505,245,423,1320,271,1005,180,827,100,631
3275,556,2038,582,1915,732,2040,764,2020,1045,2036,1035,1837,672,1871,771,1916,892,1895,756,1793,846,1821,977,1699,1047,1747,644,1621,732,1589,835,1579,973,1579,1113,1679,1321,1329,1402,1039,1465,817,1024,920,1123,576,1163,357,1187,193,770,926,784,514,784,248,774,67,576,1021,516,646,458,390,422,205,404,1143,260,870,188,702,126,544
3276,394,2215,409,2082,547,2216,576,2175,845,2175,839,2009,462,2022,586,2075,727,2051,555,1949,661,1979,813,1855,892,1916,438,1794,535,1744,667,1722,815,1734,941,1827,1193,1441,1278,1119,1392,900,888,1064,951,659,958,404,949,220,633,1069,658,608,647,299,621,98,410,1166,368,740,333,446,344,235,212,1291,134,972,90,773,76,590
3277,526,2353,556,2247,676,2353,689,2306,973,2346,966,2173,590,2164,731,2211,816,2209,680,2094,776,2135,905,1999,956,2074,574,1946,635,1908,748,1885,885,1882,1051,1994,1335,1591,1490,1280,1567,1032,954,1165,1031,735,1048,468,1051,259,705,1192,728,707,712,384,689,164,515,1309,471,866,434,570,422,341,330,1423,216,1091,148,898,94,691
3279,486,2318,497,2197,650,2310,676,2268,982,2263,964,2069,550,2100,657,2176,794,2149,628,2016,731,2071,891,1955,955,2007,548,1829,653,1801,767,1788,900,1813,1041,1913,1368,1504,1483,1184,1599,969,1076,1077,1207,682,1270,444,1295,249,804,1060,818,587,827,290,811,87,573,1145,495,706,468,407,449,201,376,1235,207,931,132,732,72,551
3280,297,2242,309,2148,487,2235,499,2220,831,2193,804,2028,392,2065,520,2138,659,2106,492,1995,580,2017,759,1899,824,1937,363,1794,485,1760,615,1747,748,1760,886,1813,1153,1467,1206,1156,1247,931,864,1060,924,677,945,448,956,274,619,1063,654,625,673,353,677,169,398,1138,352,728,330,478,333,281,209,1251,116,931,95,743,112,561
3281,189,1820,218,1709,319,1819,352,1819,605,1849,629,1691,293,1657,405,1735,521,1725,384,1605,483,1653,631,1564,687,1610,329,1413,414,1396,508,1406,633,1442,759,1537,1114,1315,1286,1112,1425,962,826,855,904,519,932,336,946,176,616,831,651,439,677,218,683,50,428,880,426,509,447,294,468,126,230,932,152,665,133,515,131,355
3283,240,2209,276,2088,387,2220,400,2210,699,2229,680,2021,325,2067,449,2123,550,2099,384,1968,478,2019,616,1891,714,1970,314,1767,408,1759,509,1769,652,1792,790,1909,1143,1525,1299,1233,1401,1041,838,1095,959,708,1005,478,1026,302,615,1081,651,630,670,361,661,169,416,1159,419,745,427,479,430,286,230,1224,166,908,148,726,142,548
3288,432,1728,455,1644,542,1735,568,1704,782,1722,789,1601,504,1606,593,1646,691,1627,566,1537,635,1577,783,1495,807,1515,487,1399,561,1374,661,1372,772,1389,875,1433,1128,1151,1187,879,1276,702,896,823,977,501,1018,294,1043,149,689,808,721,443,722,191,710,26,515,881,483,542,471,305,473,139,347,973,218,742,140,591,83,468
3289,397,1868,403,1771,537,1859,560,1849,797,1821,789,1699,497,1738,582,1760,687,1727,568,1657,648,1670,768,1567,792,1611,466,1507,519,1474,618,1447,744,1465,875,1533,1104,1209,1167,936,1211,729,808,876,852,534,866,334,867,173,586,896,588,524,582,284,568,113,413,988,366,640,344,407,339,230,249,1089,172,820,122,667,87,507
3292,273,1882,262,1795,378,1876,402,1848,624,1794,593,1681,306,1740,381,1780,492,1725,333,1639,415,1694,564,1598,605,1636,283,1489,355,1483,442,1485,555,1508,658,1553,887,1229,985,1006,1003,838,662,918,727,612,754,421,760,300,473,914,506,560,527,330,532,188,315,986,287,656,277,440,272,277,175,1051,111,797,93,652,82,522
3296,515,1858,525,1776,638,1849,669,1857,918,1829,925,1687,619,1724,704,1759,839,1724,686,1648,765,1671,885,1552,929,1603,578,1509,649,1478,748,1453,878,1452,992,1504,1211,1206,1354,993,1462,829,927,862,1048,552,1106,360,1134,204,707,892,741,517,741,271,730,105,526,972,465,621,417,392,372,223,362,1077,236,831,166,696,106,547
3297,317,1656,348,1598,401,1671,425,1686,626,1750,669,1644,432,1573,508,1626,605,1635,513,1531,581,1561,708,1474,752,1531,455,1385,521,1365,604,1347,709,1367,809,1452,1072,1196,1233,1009,1360,894,777,847,829,553,840,368,849,238,594,849,595,512,583,287,572,153,438,919,411,595,392,387,384,246,281,1011,175,787,113,652,70,529
3298,528,2084,567,1957,655,2085,687,2049,928,2092,951,1926,595,1934,678,1975,821,1973,694,1855,784,1885,911,1778,972,1825,582,1709,660,1669,782,1653,900,1666,1032,1734,1264,1333,1366,1025,1431,818,953,981,1002,600,1029,353,1037,186,723,1001,713,577,693,280,662,104,536,1087,473,696,434,415,417,240,346,1225,208,941,127,758,75,607
3300,475,1776,477,1711,580,1802,613,1771,848,1811,860,1662,543,1656,637,1707,747,1696,631,1599,712,1635,840,1530,864,1587,544,1460,589,1439,699,1435,815,1436,938,1501,1154,1166,1259,936,1298,744,865,836,919,511,936,313,930,148,662,859,624,492,580,249,538,91,505,963,407,645,348,425,313,260,362,1054,241,837,178,704,117,559
3301,430,1932,458,1822,560,1910,587,1905,832,1921,835,1784,513,1790,610,1840,730,1826,613,1738,687,1753,800,1652,856,1694,522,1568,582,1545,684,1537,784,1544,921,1592,1140,1221,1219,937,1291,759,835,889,883,518,902,298,921,137,635,926,664,508,679,252,696,74,464,1018,435,627,417,375,419,198,287,1107,217,801,152,652,99,502
3303,445,2049,485,1942,614,2043,626,2033,902,1999,862,1839,522,1908,611,1964,739,1928,597,1817,684,1850,825,1734,842,1763,504,1653,581,1612,655,1600,796,1613,914,1653,1184,1286,1308,1018,1406,812,807,936,841,556,868,330,887,174,601,951,588,522,580,256,561,102,438,1064,390,668,366,418,358,257,278,1159,175,864,123,690,94,565
3313,385,2037,407,1952,539,2035,551,2041,842,2068,823,1901,491,1925,570,1981,701,1953,564,1830,656,1877,805,1791,839,1841,516,1671,560,1631,665,1642,801,1666,922,1740,1219,1435,1324,1192,1457,995,955,1033,1040,668,1093,456,1116,297,718,998,760,570,757,300,735,114,509,1058,480,671,454,416,444,236,311,1184,212,909,157,757,121,620
3314,435,2078,456,1988,573,2080,595,2101,857,2149,880,1995,562,1993,656,2027,753,2026,662,1911,750,1941,877,1818,896,1875,536,1765,605,1730,721,1722,845,1716,981,1761,1159,1326,1271,1022,1357,793,879,1018,924,607,929,356,926,164,664,1041,669,583,653,303,629,99,493,1128,463,688,438,415,414,207,308,1254,176,933,97,725,40,548
3316,609,2214,666,2118,769,2269,805,2249,1089,2315,1116,2130,762,2125,875,2178,990,2175,855,2057,951,2091,1098,1952,1153,2001,739,1883,821,1840,942,1835,1070,1835,1217,1913,1616,1621,1815,1349,1964,1158,1190,1137,1297,745,1370,484,1420,299,930,1130,938,667,945,356,949,146,723,1243,616,825,554,541,508,331,522,1364,339,1074,225,891,122,740
3715,354,1867,430,1760,498,1881,505,1885,782,1914,789,1751,465,1744,563,1808,666,1787,548,1678,623,1702,735,1560,861,1632,473,1540,512,1501,596,1464,746,1475,895,1543,1151,1209,1325,1002,1466,870,848,866,950,517,989,298,1007,147,631,890,646,497,656,234,652,74,451,986,423,624,408,384,411,225,275,1088,175,821,143,669,110,531
3751,391,1801,391,1801,503,1805,528,1818,751,1811,721,1710,457,1670,546,1728,700,1680,547,1621,636,1658,742,1550,781,1588,472,1466,552,1443,627,1446,734,1459,852,1525,1089,1212,1230,1009,1397,886,820,888,854,568,872,360,867,205,624,866,623,493,612,242,581,87,451,928,409,577,385,328,364,164,305,1026,224,757,179,580,156,432
3752,329,1903,338,1812,464,1898,491,1861,745,1872,727,1749,409,1730,517,1778,654,1744,498,1665,596,1698,704,1605,767,1650,415,1504,480,1471,586,1476,704,1506,830,1575,1119,1344,1325,1188,1471,1070,870,955,953,645,1009,438,1047,295,663,910,702,548,717,289,725,126,466,967,479,626,470,374,471,208,282,1080,224,822,188,640,168,493
3753,299,1950,318,1893,422,1969,464,1926,709,1937,695,1809,367,1804,480,1853,619,1812,462,1740,551,1775,658,1666,719,1714,378,1582,420,1544,536,1547,657,1559,778,1641,1024,1334,1170,1087,1259,884,795,933,877,573,932,349,940,175,566,924,605,510,611,222,580,39,378,1003,373,601,359,325,351,138,205,1115,161,819,148,623,133,459
3754,420,1840,451,1796,527,1865,557,1865,772,1945,803,1845,524,1744,611,1809,733,1825,622,1718,694,1761,814,1669,859,1699,559,1548,626,1539,722,1551,828,1577,937,1644,1231,1432,1427,1275,1579,1152,951,1028,1003,699,1043,500,1056,350,750,993,733,608,709,356,674,199,566,1044,508,692,469,453,444,291,392,1138,264,903,179,753,120,626
3755,430,1845,412,1780,559,1825,580,1763,778,1709,739,1602,458,1680,560,1693,675,1626,502,1580,593,1595,691,1488,752,1525,411,1449,468,1407,564,1386,682,1390,798,1434,1067,1178,1180,962,1228,781,747,855,834,535,878,356,900,213,552,842,590,471,592,243,578,90,378,937,334,578,291,359,274,208,220,1049,133,788,91,647,77,512
3757,234,1872,247,1792,366,1885,393,1863,646,1894,648,1762,316,1735,447,1785,546,1770,403,1662,508,1701,637,1622,704,1643,339,1482,402,1468,512,1469,633,1490,774,1536,987,1206,1068,962,1129,772,723,905,731,563,733,363,730,203,525,886,533,488,534,216,519,39,349,953,333,577,324,321,317,137,179,1040,117,754,89,570,79,410
3758,347,1966,350,1905,460,1970,496,1934,735,1955,732,1851,417,1796,518,1870,645,1838,500,1745,594,1787,734,1701,784,1721,444,1551,531,1543,638,1550,736,1592,853,1657,1110,1336,1219,1060,1348,879,908,972,998,618,1058,388,1080,206,693,925,710,506,718,220,711,35,500,987,484,590,481,305,473,114,316,1053,192,770,123,575,65,413
3759,361,1723,393,1641,485,1712,505,1706,745,1723,732,1603,469,1565,587,1611,708,1582,564,1500,644,1528,731,1434,796,1482,452,1365,515,1327,619,1320,738,1348,860,1405,1079,1092,1182,860,1229,684,828,779,846,459,869,276,876,140,623,778,608,409,608,186,601,36,453,835,426,487,429,273,439,124,282,932,214,677,182,523,167,393
3760,227,1813,243,1718,383,1808,399,1816,662,1802,644,1662,327,1659,434,1710,572,1672,408,1597,497,1628,635,1522,712,1544,328,1423,380,1410,490,1407,621,1418,739,1425,931,1073,1034,843,1113,651,682,792,665,458,643,272,607,111,502,790,462,428,422,192,375,23,341,875,292,535,264,302,232,123,167,966,104,701,94,538,83,382
3761,595,1743,636,1681,722,1747,735,1766,977,1777,970,1635,669,1623,764,1681,882,1670,768,1579,860,1608,974,1515,1025,1549,679,1442,748,1403,863,1399,975,1417,1088,1492,1340,1259,1479,1072,1588,920,1059,858,1161,577,1218,410,1259,278,831,851,826,491,819,258,810,110,648,937,521,631,436,437,379,296,475,1045,280,884,166,779,73,687
3763,237,1853,245,1781,361,1843,391,1840,611,1814,614,1705,294,1721,409,1775,511,1738,376,1668,458,1705,562,1627,633,1665,315,1514,373,1499,473,1500,587,1543,687,1588,985,1324,1126,1131,1237,970,724,964,821,643,878,468,906,324,538,913,603,520,633,292,649,131,343,958,377,577,394,354,421,192,162,1055,132,779,123,637,120,520
3767,504,2162,530,2070,641,2195,671,2178,972,2187,962,2017,610,2035,717,2085,837,2061,697,1953,784,1976,936,1883,978,1911,594,1781,670,1741,785,1742,920,1759,1041,1787,1315,1380,1430,1091,1460,859,1030,1066,1079,678,1110,435,1118,261,789,1032,790,565,800,239,800,49,580,1120,536,681,509,371,497,170,380,1219,283,886,219,672,173,515
3769,303,2026,351,1935,463,2016,470,1987,743,2001,727,1871,387,1874,495,1942,607,1917,473,1805,576,1859,674,1760,761,1833,408,1658,475,1622,561,1632,702,1670,831,1731,1032,1353,1146,1094,1291,915,803,1044,855,685,864,456,857,276,596,1032,615,616,609,344,576,158,418,1095,438,708,442,449,446,264,244,1194,180,912,184,742,196,599
3770,511,2193,541,2104,643,2191,664,2177,965,2189,936,1994,594,2052,700,2088,837,2060,681,1942,780,1975,934,1836,996,1881,586,1739,642,1712,762,1713,897,1716,1059,1738,1339,1335,1457,1050,1564,816,981,963,1045,581,1061,343,1070,158,735,965,728,518,724,226,709,19,523,1056,499,637,499,365,512,155,304,1185,162,880,107,698,89,514
3771,434,2255,469,2114,611,2259,623,2207,934,2195,917,2009,499,2074,629,2126,773,2087,594,1998,686,2030,825,1906,913,1963,501,1807,604,1773,711,1763,852,1801,976,1861,1227,1434,1378,1142,1569,969,943,1072,1000,667,1020,403,1027,210,701,1054,725,579,713,265,675,63,484,1156,466,710,446,419,437,210,296,1269,205,943,128,739,66,554
3772,294,2357,318,2234,455,2368,492,2330,798,2325,773,2154,378,2172,510,2240,633,2222,486,2110,572,2133,747,2019,798,2053,382,1925,469,1884,576,1896,711,1903,862,1939,1124,1501,1241,1170,1339,932,811,1174,868,734,909,476,951,275,583,1168,597,686,585,376,560,158,380,1249,336,791,318,493,304,275,190,1352,140,978,117,736,104,537
3773,441,1990,529,1867,594,1988,630,1988,904,2034,925,1860,583,1862,703,1915,806,1908,676,1795,759,1822,896,1676,965,1730,579,1614,644,1580,753,1572,881,1570,1047,1630,1278,1241,1348,958,1430,740,923,867,969,491,980,273,975,99,699,901,668,457,645,195,619,11,517,1011,454,612,412,357,385,170,337,1123,215,832,138,677,71,516
3774,281,2220,299,2119,448,2241,473,2190,786,2199,765,1992,361,2046,485,2116,613,2079,448,1944,551,1998,734,1889,814,1944,379,1733,469,1713,594,1731,736,1772,867,1859,1190,1553,1323,1263,1453,1041,925,1092,1028,687,1072,420,1090,221,688,1061,765,609,770,290,761,63,469,1114,489,669,496,379,505,159,245,1181,181,849,149,644,151,456
3775,201,2195,234,2111,361,2219,383,2201,701,2249,685,2049,312,2061,432,2123,532,2121,408,1978,494,2030,683,1908,740,1945,344,1763,406,1739,527,1753,673,1784,813,1849,1054,1444,1062,1088,1093,838,776,1041,739,631,699,379,649,183,543,1050,533,574,495,251,456,33,353,1135,355,691,333,391,321,163,162,1226,146,865,126,641,133,440
3776,271,2484,303,2345,481,2449,496,2440,838,2479,811,2232,401,2294,522,2361,658,2326,483,2200,595,2246,773,2136,831,2173,412,1981,499,1959,621,1969,754,1993,916,2098,1213,1690,1183,1311,1153,1058,895,1215,888,763,869,493,810,290,653,1207,669,683,660,327,622,108,432,1304,450,812,461,469,466,238,235,1386,231,998,242,756,257,549
3809,381,1738,402,1635,472,1727,517,1705,739,1721,738,1610,448,1576,560,1627,664,1615,516,1514,605,1547,698,1459,779,1501,449,1370,505,1346,601,1346,720,1361,836,1414,1038,1089,1155,872,1252,706,788,806,809,488,820,291,806,150,599,810,597,447,586,204,560,58,436,880,418,534,426,304,445,155,266,971,207,707,187,544,175,402
3816,538,1857,573,1751,651,1898,693,1855,922,1916,950,1763,615,1727,716,1787,834,1779,702,1671,791,1702,952,1607,976,1675,637,1511,711,1492,812,1483,925,1497,1045,1588,1309,1290,1489,1119,1622,983,1018,882,1065,548,1099,360,1102,218,806,879,829,502,854,272,857,124,611,957,547,610,501,377,480,222,431,1077,278,853,186,728,120,596
3817,438,1984,468,1899,541,1994,580,1990,810,2045,814,1888,519,1870,622,1921,720,1914,609,1813,680,1840,834,1721,860,1756,522,1651,577,1616,690,1620,817,1619,938,1659,1138,1299,1261,1040,1361,844,840,1015,913,659,966,432,999,249,646,1032,687,617,717,320,705,122,473,1107,469,733,465,460,459,273,305,1223,219,948,154,766,103,608
3818,387,1879,382,1786,507,1867,535,1855,761,1805,740,1683,416,1714,515,1757,644,1716,494,1639,563,1664,710,1560,760,1602,424,1484,474,1455,583,1458,691,1463,824,1509,1031,1208,1126,942,1201,747,805,902,901,580,953,366,976,208,613,892,691,523,734,261,746,90,443,968,463,614,482,359,499,191,269,1040,218,770,188,590,180,443
3819,549,1897,564,1831,660,1900,692,1906,928,1896,912,1741,606,1767,693,1815,797,1789,671,1688,749,1731,912,1628,935,1663,612,1530,663,1515,761,1514,883,1521,1021,1570,1267,1274,1359,1036,1424,848,990,913,1054,571,1082,360,1092,209,762,924,739,524,714,267,683,105,587,1001,506,642,470,407,446,245,423,1107,255,882,155,745,88,618
3821,174,2009,216,1915,303,2004,337,1988,566,1983,558,1880,250,1849,361,1917,465,1889,336,1799,413,1832,573,1765,628,1789,298,1620,347,1609,439,1616,565,1656,673,1686,871,1355,965,1087,1098,905,695,1039,730,663,743,459,726,293,496,990,542,555,565,293,558,117,328,1058,337,658,349,409,347,232,174,1142,143,831,131,653,123,488
3822,499,2014,540,1915,622,2019,657,1995,905,2006,915,1845,594,1888,680,1898,808,1877,673,1789,759,1814,910,1691,960,1745,572,1629,649,1594,753,1574,874,1580,1012,1640,1232,1274,1336,1023,1465,850,884,942,916,572,932,356,930,186,675,970,619,566,586,310,549,131,505,1070,429,699,370,465,328,289,342,1213,224,952,161,794,125,637
3823,469,1850,482,1765,571,1853,612,1829,849,1863,841,1724,581,1721,627,1776,766,1757,634,1682,725,1706,877,1611,924,1662,578,1527,652,1505,730,1492,848,1514,975,1571,1180,1232,1295,985,1398,809,932,916,974,559,1001,346,1005,196,718,926,711,526,694,267,661,107,554,990,515,612,494,368,469,197,373,1083,242,811,161,646,94,532
3824,446,1894,478,1830,563,1894,594,1884,829,1923,829,1771,535,1782,631,1828,728,1816,609,1724,690,1758,826,1651,828,1710,525,1589,587,1554,690,1549,811,1554,928,1605,1128,1232,1203,959,1264,752,829,909,836,532,838,313,826,148,626,922,615,500,597,231,574,53,457,1013,421,618,399,355,391,176,285,1133,198,840,134,662,106,509
3825,423,1935,451,1850,570,1938,589,1926,843,1932,850,1792,511,1808,622,1846,737,1833,599,1747,687,1765,823,1656,875,1710,516,1583,586,1555,684,1547,794,1561,933,1610,1138,1228,1259,963,1339,786,845,926,918,581,979,375,1013,235,647,955,669,553,684,289,674,133,476,1031,457,655,436,398,412,244,292,1137,214,853,151,676,103,542
3827,385,1917,398,1817,519,1895,539,1897,774,1897,758,1747,441,1772,535,1815,637,1794,528,1716,620,1749,737,1661,755,1700,447,1590,514,1560,596,1557,714,1570,820,1622,1128,1352,1225,1104,1372,941,785,962,819,621,854,420,872,266,578,945,579,536,554,274,518,111,402,1038,359,669,319,426,298,263,240,1154,162,882,115,721,101,582
3828,365,1943,408,1835,499,1941,518,1947,776,1939,761,1801,466,1801,549,1862,653,1844,570,1742,626,1763,789,1669,827,1696,473,1586,559,1560,638,1556,761,1560,881,1590,1147,1263,1289,1031,1403,876,822,928,892,585,929,369,948,218,619,932,659,539,662,280,648,115,431,1008,404,634,386,401,387,230,250,1125,177,850,128,691,117,543
3829,513,2167,529,2052,622,2158,637,2153,901,2153,865,2004,607,2061,670,2073,777,2048,671,1958,741,1972,891,1845,921,1886,560,1807,602,1775,696,1759,834,1750,997,1772,1248,1383,1388,1090,1485,895,876,1037,922,649,939,389,958,192,639,1094,662,643,678,337,685,119,455,1192,429,784,392,504,357,305,274,1345,200,1034,149,836,104,667
3830,306,2065,358,1971,457,2051,474,2065,750,2067,742,1910,421,1937,508,1985,624,1955,505,1877,582,1912,734,1814,768,1864,427,1720,498,1696,593,1698,730,1725,836,1780,1088,1414,1185,1097,1304,905,811,1039,890,633,925,411,935,236,595,1015,652,549,657,258,632,61,404,1087,409,642,413,356,415,162,218,1213,169,881,148,693,139,520
3831,257,1959,331,1866,395,1969,421,1987,658,2018,664,1883,399,1842,498,1909,579,1908,491,1812,559,1846,715,1762,742,1811,419,1649,501,1632,590,1639,704,1680,807,1723,1107,1393,1237,1141,1350,956,850,1016,925,640,980,416,1017,258,642,968,679,534,700,255,698,60,445,1029,384,637,329,379,291,191,266,1139,187,841,133,649,100,506
3832,454,2202,467,2095,607,2193,632,2133,885,2119,851,1950,527,2055,615,2072,734,2037,600,1967,660,1976,798,1844,852,1861,475,1799,537,1759,632,1740,765,1740,910,1747,1169,1341,1322,1088,1455,890,821,1016,839,623,869,395,873,217,589,1028,600,573,609,275,602,92,397,1137,389,712,374,444,360,257,226,1256,152,957,102,781,72,620
3833,486,1982,528,1878,629,1983,654,1978,907,1968,885,1803,573,1843,674,1889,792,1860,669,1780,748,1801,883,1707,912,1756,593,1620,640,1584,746,1585,864,1596,990,1646,1288,1371,1472,1172,1622,1021,946,984,1080,659,1155,457,1190,303,734,977,787,575,807,309,794,145,547,1044,513,665,487,406,473,238,376,1165,230,906,132,741,74,604
3834,391,1932,396,1849,516,1918,539,1907,780,1904,757,1767,463,1789,561,1835,660,1803,534,1718,615,1757,706,1665,807,1682,456,1594,525,1565,613,1560,732,1558,848,1580,980,1187,984,913,1054,705,781,957,865,599,896,382,919,218,589,962,649,547,656,270,656,93,428,1046,423,656,402,392,393,209,285,1158,236,852,203,661,182,496
3835,554,2183,572,2076,719,2151,732,2142,1009,2130,970,1972,626,2026,729,2077,838,2050,724,1950,786,1971,873,1854,970,1893,615,1781,670,1762,774,1765,882,1751,1014,1786,1226,1349,1325,1029,1411,802,857,1022,928,580,967,341,992,177,657,1064,645,569,599,251,560,64,484,1162,427,707,385,391,374,199,304,1288,182,941,114,736,92,580
3836,479,1813,513,1756,608,1808,628,1802,907,1768,860,1721,577,1736,673,1787,800,1767,644,1675,735,1711,829,1618,891,1662,578,1524,649,1505,738,1506,853,1518,968,1557,1216,1228,1336,985,1420,818,921,873,938,507,948,308,947,162,737,879,741,453,750,207,744,52,567,959,511,567,469,327,442,169,409,1056,260,801,177,649,123,521
3837,685,1992,710,1894,811,1973,814,1967,1082,1922,1056,1789,723,1843,825,1895,919,1850,790,1786,866,1810,949,1722,1034,1741,708,1636,783,1614,877,1611,977,1629,1070,1658,1370,1333,1524,1134,1699,1029,1069,961,1189,610,1256,411,1291,256,860,945,868,513,865,241,831,61,668,1033,585,632,536,372,503,190,499,1134,307,893,208,748,129,618
3838,386,2047,437,1935,507,2053,537,2030,814,2051,782,1903,491,1900,594,1966,697,1941,583,1851,663,1872,801,1784,866,1813,513,1682,571,1656,650,1654,784,1671,927,1732,1138,1320,1184,1022,1237,794,817,996,843,577,855,337,841,157,589,1016,583,546,555,246,522,66,412,1109,370,683,332,409,323,218,264,1217,171,892,131,715,146,562
3840,435,2072,464,1982,614,2065,631,2039,896,2064,883,1909,546,1908,645,1972,765,1948,642,1851,716,1878,855,1776,907,1837,546,1690,626,1669,735,1657,852,1672,970,1730,1250,1390,1393,1128,1525,946,973,1025,1057,644,1106,410,1137,237,730,1001,760,571,751,282,721,93,553,1100,522,692,494,423,471,241,380,1203,251,906,180,723,123,567
3842,346,1982,402,1879,527,2009,550,1979,818,2088,840,1926,506,1889,595,1966,730,1966,624,1834,696,1867,801,1773,853,1816,532,1664,603,1641,720,1644,840,1656,954,1708,1268,1366,1432,1122,1566,962,954,979,1031,605,1055,386,1061,218,739,987,784,561,786,279,771,99,526,1048,496,636,462,366,443,187,343,1165,224,891,146,736,97,587
3843,343,2149,374,2040,486,2144,521,2142,803,2141,795,1965,427,1981,526,2044,635,2035,511,1908,614,1943,790,1853,836,1884,454,1711,510,1688,638,1701,771,1720,905,1775,1220,1469,1421,1236,1606,1088,927,1059,988,677,1008,432,1015,251,686,1024,690,575,686,275,652,82,473,1106,456,675,425,385,399,185,253,1207,139,890,70,680,41,503
3844,260,1978,305,1868,388,1982,399,1977,670,1951,654,1842,344,1844,441,1899,552,1880,435,1779,504,1802,599,1710,681,1754,365,1617,421,1579,513,1585,641,1609,770,1664,982,1295,1106,1043,1188,863,697,973,658,624,623,405,595,244,495,971,476,562,457,294,408,131,313,1052,297,660,282,399,273,225,150,1161,111,862,85,673,60,522
3845,487,2008,547,1895,650,1998,682,1999,940,1955,910,1781,586,1875,702,1916,800,1876,664,1799,736,1818,883,1696,922,1717,551,1637,605,1608,715,1595,843,1590,953,1595,1131,1191,1188,883,1208,659,836,938,827,565,808,338,786,160,634,980,609,552,579,282,546,97,470,1084,389,689,345,427,312,240,315,1180,228,870,180,680,157,511
3846,142,1845,172,1740,285,1857,312,1832,542,1886,551,1759,252,1731,335,1776,445,1785,338,1664,422,1708,569,1634,605,1692,287,1515,352,1501,439,1512,562,1534,679,1621,934,1290,1012,1023,1096,835,715,935,770,583,803,378,828,217,517,911,606,519,650,263,654,93,327,961,360,586,369,342,381,168,150,1037,114,742,84,573,74,421
3849,387,1902,441,1796,508,1891,519,1898,778,1908,783,1754,460,1766,571,1811,686,1789,550,1705,635,1730,762,1633,801,1684,482,1550,534,1521,623,1521,755,1518,850,1589,1055,1226,1161,976,1226,800,831,906,914,557,965,356,969,193,633,910,661,498,679,252,657,85,467,987,435,584,405,331,392,160,311,1117,222,839,187,660,164,516
3852,360,1718,388,1679,454,1735,492,1724,674,1757,684,1689,421,1609,511,1668,649,1668,514,1569,592,1627,703,1544,755,1583,445,1434,515,1408,623,1424,706,1446,815,1531,1067,1257,1171,1057,1261,894,838,920,928,600,969,407,990,268,654,865,711,485,740,223,747,74,481,895,484,520,476,269,477,114,288,989,188,723,152,559,129,423
4049,379,2231,420,2072,540,2201,554,2185,823,2215,807,2020,456,2054,578,2107,681,2091,538,1965,624,2001,793,1882,846,1935,469,1763,557,1720,643,1733,781,1768,918,1822,1189,1405,1257,1061,1335,833,864,1077,906,673,924,427,918,246,638,1062,636,612,614,304,574,111,448,1148,390,727,358,448,339,254,280,1232,205,906,181,701,179,533
4052,546,2495,594,2353,757,2502,771,2461,1114,2480,1090,2264,657,2319,800,2372,927,2347,778,2234,881,2256,1036,2134,1090,2230,667,2038,775,2001,907,1978,1028,2001,1171,2127,1558,1747,1722,1420,1878,1187,1103,1234,1155,774,1169,484,1162,273,835,1220,801,694,788,328,770,99,615,1334,560,842,502,503,466,271,392,1443,266,1081,196,838,168,638
4053,432,2125,497,2048,573,2197,605,2217,875,2165,858,2014,507,2033,638,2111,756,2083,597,1956,708,2006,820,1884,870,1940,532,1777,598,1739,689,1742,805,1773,942,1837,1270,1491,1402,1181,1498,957,900,1094,1003,702,1073,467,1114,285,674,1085,710,636,725,354,714,151,503,1168,493,740,479,468,472,267,327,1262,227,936,172,735,138,560
4054,445,2012,498,1894,610,2008,639,2027,894,2026,883,1863,550,1878,674,1934,772,1918,637,1794,732,1850,871,1747,912,1774,577,1612,643,1600,747,1611,864,1611,972,1679,1276,1356,1475,1154,1608,1003,938,995,1003,662,1030,443,1047,290,733,997,761,608,753,338,744,166,551,1069,510,706,482,455,453,289,367,1156,262,886,189,725,139,588
4088,334,1711,326,1632,442,1708,473,1682,676,1668,656,1569,388,1571,477,1614,588,1576,459,1495,527,1531,659,1438,700,1476,398,1339,441,1309,554,1326,656,1338,756,1386,963,1086,1075,899,1137,743,737,815,818,535,855,361,877,231,561,802,598,493,601,290,594,149,404,853,372,550,361,362,347,209,254,930,188,704,160,582,154,451
4089,393,1785,409,1699,510,1805,550,1813,756,1824,770,1708,493,1671,566,1736,695,1711,566,1600,648,1656,792,1560,834,1621,508,1448,576,1429,684,1440,793,1460,880,1538,1171,1316,1361,1164,1512,1053,930,944,1028,644,1060,453,1071,311,713,896,750,546,754,316,748,167,529,943,472,622,434,411,419,258,356,1036,230,808,171,675,128,547
4090,362,1948,390,1838,490,1938,525,1956,760,1960,768,1815,458,1800,533,1871,638,1858,538,1741,606,1775,776,1682,799,1726,464,1582,557,1564,658,1563,770,1577,884,1644,1173,1342,1298,1073,1337,862,891,961,943,605,952,387,943,225,682,951,689,541,703,276,684,96,498,1017,461,628,435,362,424,178,316,1081,226,797,172,620,154,460
4091,351,1872,351,1770,472,1859,503,1817,704,1787,686,1647,404,1709,480,1753,571,1713,448,1633,516,1666,668,1574,722,1610,373,1490,445,1475,535,1471,644,1477,754,1533,1019,1242,1140,997,1212,818,739,890,823,573,865,362,892,219,540,901,580,534,584,282,566,123,380,963,379,608,363,363,350,203,225,1041,167,765,145,602,133,467
4093,288,1748,293,1673,424,1760,444,1757,666,1731,664,1622,385,1615,464,1663,575,1633,449,1544,527,1588,653,1514,696,1553,389,1388,461,1369,561,1383,654,1409,752,1491,968,1197,1012,946,1086,774,766,869,815,553,823,371,810,228,582,862,594,521,577,292,550,150,421,926,400,610,381,403,366,255,259,989,197,756,172,645,178,507
4094,336,1854,366,1754,444,1858,479,1811,686,1834,683,1699,391,1693,467,1742,589,1723,444,1614,529,1666,686,1609,737,1671,409,1471,470,1462,589,1469,685,1501,784,1599,1103,1341,1243,1097,1377,917,850,928,926,592,970,381,986,209,650,906,669,530,669,263,652,84,479,949,467,600,456,356,462,183,309,1017,232,751,187,581,151,426
4095,395,1946,429,1842,515,1913,539,1898,754,1892,753,1767,455,1792,551,1820,669,1788,536,1716,620,1733,741,1602,794,1644,418,1560,502,1527,601,1516,713,1505,846,1544,1004,1166,1094,907,1123,698,768,904,807,576,814,386,818,228,565,927,582,558,579,331,563,161,409,1009,378,650,372,433,375,265,258,1116,210,845,195,693,184,535
4096,428,2072,460,1970,575,2064,597,2053,849,2072,867,1922,534,1935,633,1969,754,1960,620,1862,711,1882,864,1791,906,1829,528,1707,603,1670,698,1657,842,1671,966,1741,1231,1384,1338,1115,1397,904,936,1002,977,623,998,407,1001,232,701,1003,711,574,722,310,716,126,524,1099,476,704,455,456,445,278,341,1213,235,917,182,742,160,571
4097,445,1913,453,1811,589,1893,614,1861,848,1829,834,1691,512,1745,623,1783,726,1751,601,1679,664,1691,798,1599,822,1641,514,1515,582,1498,696,1486,785,1506,894,1554,1193,1248,1295,990,1366,809,889,886,995,543,1061,323,1094,176,674,881,695,479,691,211,671,58,503,976,446,599,417,342,398,182,329,1055,221,774,154,595,108,455
4100,536,1924,553,1830,682,1931,706,1908,929,1904,947,1756,622,1792,711,1835,825,1815,708,1731,787,1749,885,1624,939,1658,601,1582,657,1559,763,1539,873,1535,995,1573,1291,1276,1415,1009,1490,837,909,930,985,596,1031,370,1062,221,706,952,712,567,704,289,698,121,544,1057,515,696,493,431,483,255,374,1162,272,902,197,739,141,589
4101,331,1860,345,1759,454,1845,483,1852,718,1849,715,1693,403,1728,495,1781,593,1746,476,1657,546,1684,698,1597,726,1630,404,1515,450,1489,559,1480,668,1486,794,1529,1077,1180,1221,949,1326,806,780,904,850,575,886,375,908,229,576,913,600,548,621,305,622,144,400,994,360,661,332,432,308,268,238,1073,137,823,99,686,64,548
4103,498,2055,524,1956,637,2055,658,2013,908,1980,882,1842,544,1916,637,1953,755,1923,620,1830,694,1853,842,1737,892,1784,524,1657,621,1632,721,1619,832,1625,954,1663,1228,1302,1334,1031,1406,845,911,965,992,608,1038,398,1053,247,694,977,727,577,728,324,713,156,509,1052,450,679,413,450,393,276,340,1154,212,884,140,726,104,590
4104,379,1938,410,1816,539,1920,562,1922,798,1883,770,1714,476,1790,570,1839,676,1794,506,1683,592,1730,750,1635,792,1693,449,1530,521,1511,629,1510,732,1529,839,1591,1098,1270,1228,1041,1325,866,841,875,919,525,943,318,944,156,624,880,669,481,688,232,677,63,438,937,422,572,410,343,402,174,272,1044,186,784,147,642,120,494
4105,509,1913,530,1824,625,1913,655,1901,894,1903,891,1758,586,1812,682,1830,778,1810,655,1731,737,1749,853,1639,892,1694,560,1604,625,1564,706,1550,828,1526,969,1600,1178,1210,1231,923,1302,725,872,871,962,535,1012,323,1028,176,650,919,697,532,720,278,713,108,467,1033,443,668,424,410,423,236,301,1139,227,863,179,699,150,540
4110,351,2073,358,1987,497,2051,522,2058,806,2038,812,1870,448,1913,562,1969,673,1938,546,1841,634,1860,774,1755,828,1812,453,1661,524,1636,622,1632,768,1641,910,1706,1169,1336,1304,1065,1399,879,867,946,901,556,897,327,888,164,642,948,667,524,669,237,665,62,453,1025,449,612,441,348,442,174,268,1128,195,828,159,660,159,510
4111,274,2125,311,2019,413,2132,437,2128,697,2145,710,1980,362,1992,455,2048,581,2038,457,1906,559,1955,680,1850,730,1915,363,1746,448,1717,553,1714,677,1743,810,1830,1089,1433,1181,1112,1251,900,822,1046,876,652,902,398,913,225,604,1043,661,607,681,309,673,128,403,1108,427,697,442,416,453,236,215,1214,201,889,207,686,223,522
4113,379,2053,409,1944,547,2047,568,2028,819,2026,812,1860,482,1894,573,1956,687,1927,558,1834,653,1869,761,1744,786,1812,460,1688,529,1652,627,1652,752,1652,883,1695,1111,1354,1230,1094,1300,915,817,1028,913,663,968,436,1009,276,598,1031,620,595,638,302,647,130,427,1128,412,734,401,456,392,276,281,1233,203,943,162,758,122,604
4114,350,2010,405,1879,488,1979,497,1979,778,1993,769,1841,442,1842,541,1901,654,1892,541,1773,616,1802,767,1689,808,1741,459,1607,524,1587,627,1568,746,1568,887,1659,1115,1310,1236,1077,1287,903,852,954,911,614,930,404,938,257,633,968,648,566,647,306,631,147,439,1042,422,665,408,408,402,246,268,1138,183,856,147,673,133,518
4116,330,1819,364,1729,462,1810,478,1822,712,1858,724,1721,443,1696,522,1767,624,1758,523,1654,597,1681,692,1578,767,1624,439,1491,515,1472,601,1471,716,1488,820,1523,1099,1237,1262,1042,1377,894,847,893,956,589,999,388,1025,240,658,894,712,528,736,289,729,133,477,953,428,611,410,381,403,217,314,1030,201,788,145,632,111,491
4117,551,2105,592,1980,692,2088,728,2090,982,2088,959,1927,641,1939,745,2009,842,1986,740,1875,815,1902,952,1785,992,1827,643,1708,715,1681,817,1682,932,1673,1057,1696,1263,1304,1319,1011,1372,799,996,1016,1012,629,1011,389,1010,213,774,1033,751,608,733,325,720,143,592,1123,489,736,414,484,376,303,411,1222,268,943,190,782,144,626
4121,378,1900,400,1801,503,1906,523,1910,785,1935,784,1802,477,1758,566,1826,692,1822,569,1695,664,1734,780,1633,828,1691,493,1542,576,1516,660,1517,776,1539,894,1619,1155,1313,1296,1064,1457,918,899,931,972,583,993,365,1003,201,693,937,707,539,688,281,654,112,522,1014,470,647,430,402,414,225,386,1113,272,831,210,669,161,519
4123,510,2239,524,2127,702,2239,715,2177,978,2133,923,1962,587,2062,691,2111,819,2043,628,1965,736,1989,875,1887,925,1926,543,1768,593,1756,715,1746,852,1762,981,1866,1305,1505,1449,1232,1565,1034,976,1053,1053,661,1069,413,1065,233,759,1067,777,632,772,350,764,156,571,1138,530,732,500,466,480,268,388,1247,244,944,155,766,90,602
4124,525,2114,554,2028,647,2102,670,2093,931,2116,928,1958,589,1983,695,2037,808,2019,692,1923,769,1937,894,1817,947,1853,601,1739,662,1718,767,1697,884,1708,1007,1754,1222,1351,1351,1061,1406,859,926,1028,956,643,951,408,942,247,722,1051,742,615,736,337,721,156,558,1136,532,734,518,472,521,278,379,1244,254,942,170,766,119,615
4156,280,1897,316,1827,434,1898,455,1853,693,1844,651,1718,358,1699,445,1760,603,1698,425,1610,519,1655,624,1552,722,1578,368,1442,424,1428,523,1435,638,1459,774,1507,981,1213,1097,1024,1207,861,762,894,818,593,836,400,846,257,560,872,582,536,584,315,581,162,390,930,382,610,370,402,371,245,231,1022,191,781,174,635,179,488
4157,412,1680,446,1618,542,1677,559,1679,792,1674,779,1558,503,1534,582,1591,705,1564,561,1479,643,1527,748,1434,807,1465,496,1351,551,1329,642,1330,754,1352,860,1401,1056,1113,1165,908,1259,760,885,827,955,528,978,349,1002,212,693,810,722,467,721,243,723,98,524,866,525,551,522,342,531,195,356,960,238,737,179,603,150,465
4160,413,1692,439,1641,526,1692,557,1684,781,1704,780,1613,505,1548,581,1618,714,1596,571,1488,654,1546,783,1468,844,1504,527,1347,596,1331,685,1349,785,1376,909,1431,1172,1192,1372,1058,1521,964,946,840,1014,544,1041,358,1057,223,750,803,781,460,786,236,780,99,563,840,517,516,478,299,453,157,388,920,248,697,154,562,79,454
4161,308,1870,319,1804,412,1865,447,1839,658,1849,647,1736,366,1720,456,1767,574,1743,421,1640,509,1692,639,1588,704,1639,370,1496,434,1473,532,1473,647,1493,764,1548,972,1275,1066,1028,1121,819,791,965,852,661,860,454,856,297,601,930,633,579,629,334,620,162,429,987,425,653,421,415,437,241,268,1058,198,803,154,641,147,485
4162,391,1802,417,1732,488,1793,538,1809,762,1809,756,1716,484,1666,568,1739,695,1712,538,1611,622,1661,733,1552,806,1582,474,1461,534,1438,623,1441,730,1456,859,1513,1045,1209,1136,983,1202,798,851,912,934,594,976,410,995,257,651,904,676,544,683,316,665,153,483,962,465,617,461,399,463,231,301,1048,213,800,172,672,168,527
4166,468,1808,477,1739,598,1831,634,1805,881,1823,876,1693,556,1663,658,1727,791,1701,649,1601,735,1638,863,1541,925,1585,553,1470,624,1433,731,1415,846,1423,978,1500,1260,1243,1434,1038,1550,892,967,871,1079,584,1139,393,1174,255,741,881,770,547,786,310,789,162,549,968,476,660,430,444,394,296,377,1070,247,861,178,725,123,597
4167,494,1842,525,1757,623,1869,639,1861,889,1866,886,1751,576,1707,690,1762,818,1744,676,1635,770,1674,883,1560,963,1612,585,1491,646,1458,745,1453,881,1465,1018,1513,1284,1212,1431,1022,1554,858,958,900,1026,594,1051,390,1071,234,730,890,702,532,684,281,667,119,546,978,426,659,334,434,275,281,386,1075,241,846,158,691,99,548
4169,333,1774,365,1701,467,1763,493,1744,722,1741,707,1636,411,1632,508,1676,647,1620,489,1558,572,1590,687,1498,727,1529,406,1442,465,1412,562,1398,679,1415,799,1489,1001,1209,1067,998,1122,837,762,886,776,591,769,406,754,274,573,863,579,532,575,312,568,173,404,948,360,644,338,445,330,304,248,1046,189,812,158,671,138,543
4170,248,1509,248,1509,374,1527,406,1514,599,1520,576,1427,358,1387,424,1442,568,1383,407,1314,488,1370,577,1265,619,1306,359,1193,409,1182,490,1181,581,1198,688,1249,853,996,958,845,1027,724,674,775,744,531,783,387,802,276,505,762,522,471,537,292,532,175,366,814,354,546,352,375,363,258,237,873,198,670,177,542,173,431
4172,422,1899,439,1818,544,1888,573,1873,800,1860,783,1728,481,1730,577,1798,691,1763,545,1672,636,1718,758,1607,823,1664,469,1520,535,1500,632,1496,755,1518,881,1570,1135,1239,1258,1007,1367,840,863,932,957,614,992,419,1003,263,647,926,677,550,674,304,660,134,479,996,445,649,428,433,412,262,303,1088,219,839,179,725,175,573
4173,448,2098,449,2000,584,2076,616,2067,904,2057,894,1888,523,1933,645,1982,760,1947,618,1850,709,1877,850,1748,921,1791,483,1676,575,1636,692,1622,834,1633,976,1664,1167,1263,1271,992,1374,792,869,979,923,642,929,431,916,265,645,1001,652,598,644,356,619,182,457,1093,424,721,425,485,424,310,275,1205,197,931,167,775,180,610
4174,392,1968,415,1848,520,1950,540,1937,801,1913,792,1762,460,1787,568,1838,666,1818,533,1709,618,1748,763,1662,830,1709,474,1549,540,1525,659,1527,776,1557,881,1625,1198,1367,1401,1185,1560,1052,933,970,1023,645,1060,439,1075,279,715,942,763,563,780,317,767,149,503,998,473,641,461,406,451,232,298,1093,187,830,125,679,87,526
4175,388,2082,400,1995,513,2110,542,2087,815,2136,832,1970,484,1935,605,2002,724,1991,605,1886,688,1917,818,1774,874,1834,489,1716,564,1666,666,1652,808,1660,948,1731,1182,1357,1309,1071,1431,853,869,977,932,602,950,356,950,165,630,983,654,554,668,260,660,51,429,1076,393,674,376,400,368,188,255,1219,165,928,141,740,106,552
4177,421,2076,461,2003,560,2090,569,2069,861,2058,843,1903,491,1925,609,1969,713,1933,568,1844,655,1883,807,1783,870,1819,477,1666,536,1646,652,1629,790,1656,931,1700,1150,1346,1258,1091,1351,902,866,1009,936,634,974,414,988,267,653,1025,677,601,705,328,719,161,472,1103,423,701,397,450,392,282,291,1188,215,888,169,699,151,547
4178,534,2189,563,2090,664,2187,681,2189,985,2199,970,2037,611,2016,737,2095,841,2080,713,1941,806,1983,939,1870,1012,1930,612,1787,688,1758,787,1755,926,1762,1081,1819,1334,1425,1498,1155,1618,967,1025,1075,1088,687,1114,459,1117,285,783,1119,828,698,838,410,831,221,570,1193,522,790,500,522,490,330,372,1308,243,1013,185,824,142,660
4181,448,1949,456,1857,581,1971,616,1955,888,1983,884,1838,555,1800,662,1867,776,1857,665,1746,750,1786,890,1654,951,1706,553,1612,629,1560,733,1545,873,1553,1016,1605,1180,1252,1270,982,1357,786,891,936,926,604,926,382,919,219,662,947,651,579,626,324,605,150,464,1045,410,707,356,474,331,300,310,1187,228,925,167,755,130,598
4182,518,2153,596,2037,687,2144,725,2165,1041,2196,1060,2017,656,1994,772,2069,937,2055,773,1935,879,1969,1048,1861,1110,1921,670,1737,769,1703,904,1707,1041,1728,1188,1814,1442,1429,1601,1167,1749,968,1149,1028,1217,651,1234,429,1236,245,913,1018,877,584,843,322,807,130,692,1113,566,730,485,493,422,308,474,1215,303,951,212,802,136,646
4183,557,2103,582,2000,697,2131,728,2078,1017,2127,1036,1946,643,1955,755,1986,895,1978,755,1883,843,1909,1002,1791,1046,1846,631,1730,709,1683,836,1664,965,1659,1120,1758,1391,1374,1539,1088,1664,900,994,987,1059,603,1083,354,1097,171,763,1015,768,575,754,283,730,95,573,1122,514,716,469,439,446,246,383,1241,274,947,194,768,135,594
4184,573,2283,608,2174,738,2262,744,2246,1067,2224,1042,2036,663,2103,780,2144,916,2099,760,1994,859,2026,973,1893,1038,1949,613,1839,692,1801,810,1768,950,1764,1123,1868,1430,1488,1511,1185,1605,957,985,1065,1092,656,1172,412,1215,226,739,1097,771,631,786,332,787,134,542,1204,514,774,474,493,448,300,354,1344,247,1017,182,826,148,648
4192,349,2150,391,2080,493,2167,512,2130,778,2149,796,1992,399,2029,547,2067,678,2040,521,1947,605,1975,693,1864,779,1892,411,1800,463,1759,559,1749,723,1741,864,1791,1151,1360,1239,1031,1300,802,807,1001,847,599,854,361,835,162,594,1033,624,576,651,289,659,80,415,1145,407,722,425,446,453,239,243,1215,184,878,184,681,176,490
4193,330,1954,359,1848,491,1971,517,1952,794,1972,805,1800,437,1774,551,1847,673,1841,546,1724,642,1763,771,1650,815,1702,474,1549,547,1521,647,1517,792,1548,912,1609,1149,1240,1225,954,1302,770,905,905,955,554,962,325,953,162,671,898,662,506,647,235,630,62,478,976,447,608,404,358,392,173,290,1074,212,810,158,654,117,498
4194,532,2227,563,2170,693,2278,686,2196,1025,2186,990,2037,598,2100,716,2147,848,2106,668,1986,763,2026,909,1882,987,1937,574,1816,645,1787,765,1769,908,1757,1052,1858,1386,1465,1534,1196,1661,1024,1007,1054,1101,675,1134,446,1141,271,758,1071,771,634,754,363,723,178,550,1190,456,787,388,538,354,350,380,1302,236,1002,147,825,71,659
4195,326,2359,344,2228,523,2339,526,2329,870,2344,846,2121,437,2155,560,2222,699,2177,523,2044,631,2104,822,1999,874,2027,430,1856,526,1829,663,1834,802,1854,974,1923,1279,1521,1324,1180,1405,936,953,1143,1046,740,1085,481,1098,283,688,1154,751,668,773,355,788,159,485,1217,478,768,461,469,463,268,256,1298,197,964,157,750,144,567
4205,408,1899,469,1776,543,1873,548,1868,798,1862,797,1721,488,1734,585,1802,698,1777,590,1674,663,1704,798,1614,844,1649,510,1510,564,1490,668,1482,781,1486,903,1543,1121,1166,1250,916,1360,748,828,852,864,494,879,274,878,123,629,873,602,485,573,231,550,79,485,963,394,618,332,403,289,259,334,1046,228,790,171,636,133,499
4206,379,2034,398,1925,525,2045,548,2015,825,2017,809,1836,440,1854,536,1929,700,1899,516,1776,612,1844,789,1747,838,1800,447,1620,538,1593,647,1601,787,1635,918,1705,1201,1365,1294,1067,1399,858,939,991,994,613,1011,376,1015,205,714,990,759,571,755,283,745,100,505,1038,521,647,510,381,510,197,301,1130,217,824,176,649,138,478
4208,380,1855,400,1786,506,1869,534,1858,759,1861,750,1767,481,1711,559,1772,692,1748,555,1645,652,1692,764,1579,821,1623,474,1518,541,1486,638,1476,767,1479,882,1538,1043,1203,1121,979,1171,789,813,930,852,615,866,419,869,280,619,918,626,561,620,320,591,164,457,1007,410,678,385,447,375,284,308,1105,185,873,134,716,100,564
4209,642,2166,683,2049,783,2178,828,2167,1104,2225,1123,2044,749,2005,843,2087,966,2080,855,1961,938,1996,1107,1875,1173,1955,770,1801,861,1763,961,1744,1094,1763,1253,1851,1553,1480,1707,1189,1810,956,1218,1063,1322,678,1379,441,1409,252,937,1071,948,625,950,326,945,128,715,1167,620,759,560,482,520,282,499,1300,318,1012,199,830,117,662
4329,425,1801,446,1713,531,1803,569,1779,779,1803,798,1680,513,1694,600,1701,714,1684,585,1607,664,1640,764,1563,838,1607,514,1459,584,1437,683,1436,791,1459,907,1507,1160,1177,1248,914,1334,727,877,860,926,526,956,319,979,166,671,857,676,467,680,217,673,51,501,924,453,560,425,322,402,170,333,1023,226,762,162,600,108,458
4330,464,2150,493,2065,604,2161,629,2159,868,2179,884,2025,543,2046,652,2077,774,2068,638,1962,721,1988,866,1856,911,1905,542,1797,604,1764,713,1754,832,1757,974,1820,1214,1405,1377,1098,1465,874,839,1028,893,611,935,352,940,177,614,1043,639,567,643,242,615,43,448,1148,448,724,440,430,431,231,285,1253,214,943,184,747,159,583
4331,386,1968,434,1868,514,1961,550,1956,795,1955,780,1834,494,1832,577,1885,688,1870,579,1778,647,1810,790,1718,841,1766,516,1618,584,1592,670,1602,791,1644,908,1700,1193,1362,1357,1124,1552,1025,910,981,992,611,1056,392,1105,233,698,942,743,516,766,238,765,42,514,1014,516,619,501,358,493,165,328,1128,232,834,157,651,108,517
4334,388,1942,426,1841,551,1918,576,1920,831,1880,809,1721,466,1803,576,1847,701,1807,537,1728,615,1749,774,1650,817,1656,427,1558,501,1536,608,1532,726,1538,847,1559,1058,1178,1150,873,1230,654,777,890,803,523,798,298,789,119,575,912,594,495,586,223,570,35,408,1002,380,605,364,339,353,151,254,1079,201,765,170,572,155,402
4335,443,1889,481,1795,586,1894,608,1881,869,1886,858,1750,542,1761,631,1811,752,1789,621,1691,700,1713,829,1624,875,1666,561,1535,616,1499,700,1495,820,1514,958,1580,1216,1262,1401,1033,1508,869,899,903,1014,565,1095,361,1156,213,672,892,717,489,718,218,690,52,481,974,461,589,436,329,417,159,315,1099,232,809,175,630,118,489
4338,397,2083,424,1972,564,2084,575,2052,868,2061,847,1873,453,1910,572,1962,705,1936,520,1828,622,1875,797,1782,836,1863,439,1675,526,1639,635,1632,793,1648,944,1756,1222,1390,1294,1080,1348,872,945,1010,1040,621,1095,358,1106,178,700,986,726,541,750,221,752,35,467,1048,447,632,434,336,434,143,264,1172,176,858,129,661,101,489
4340,549,2139,575,2047,683,2162,706,2111,989,2119,970,1935,624,1962,738,2011,857,1983,715,1894,801,1927,940,1816,982,1879,627,1712,701,1684,802,1675,939,1700,1084,1790,1352,1395,1515,1099,1655,913,1051,990,1140,589,1161,338,1153,157,793,1012,791,549,788,245,765,58,599,1099,521,672,458,396,418,214,397,1205,274,895,190,707,131,547
4341,316,2097,374,1989,477,2095,496,2115,837,2121,830,1927,428,1936,568,2017,683,1996,544,1881,630,1914,796,1788,860,1831,451,1658,522,1641,626,1650,784,1674,925,1715,1217,1336,1346,1039,1474,844,929,965,1012,590,1041,346,1045,181,662,970,697,524,706,221,704,33,449,1029,434,619,413,334,392,140,234,1116,168,783,131,580,116,431
4342,257,2188,282,2083,439,2187,464,2149,759,2149,746,1967,364,2001,491,2050,607,2038,444,1923,542,1962,718,1859,766,1921,358,1726,446,1713,572,1711,709,1745,837,1820,1136,1457,1241,1170,1266,928,839,1042,862,668,871,436,874,238,602,1019,600,585,599,300,581,94,400,1093,373,686,352,421,354,199,218,1181,164,866,138,686,152,499
4344,340,2213,363,2095,485,2216,517,2203,820,2246,820,2035,435,2042,536,2103,697,2083,546,1994,631,2029,768,1889,849,1972,460,1819,517,1788,629,1788,760,1797,919,1871,1160,1433,1255,1114,1330,880,838,1082,890,663,915,416,939,222,604,1099,635,614,646,289,643,69,404,1181,408,724,408,408,404,181,202,1299,152,930,123,698,118,505
4345,307,2225,329,2102,478,2215,497,2211,817,2211,786,2023,385,2037,522,2111,641,2092,505,1974,577,2004,721,1878,824,1930,425,1775,492,1749,598,1766,742,1779,879,1798,1169,1371,1296,1052,1404,825,889,1065,980,626,1042,383,1097,185,661,1049,732,562,755,264,750,48,457,1110,457,651,466,358,470,145,258,1195,179,830,141,594,97,398
4352,314,1628,326,1564,435,1639,472,1647,687,1635,668,1524,398,1489,470,1557,604,1516,454,1425,530,1476,664,1377,730,1414,412,1264,482,1257,574,1263,675,1290,781,1368,1076,1216,1302,1124,1479,1054,850,807,992,541,1070,379,1099,242,647,752,677,422,681,205,656,53,459,810,411,509,382,307,366,149,291,873,173,667,118,538,103,389
4353,205,1762,260,1677,325,1768,349,1767,584,1791,598,1651,301,1630,398,1685,523,1656,387,1570,484,1607,591,1493,660,1537,315,1417,368,1393,473,1393,588,1396,712,1449,929,1114,1021,879,1090,692,654,841,705,530,713,319,711,165,464,834,465,474,465,224,436,66,306,902,267,571,255,330,255,165,156,983,115,730,107,558,112,415
4354,367,1682,389,1600,483,1694,512,1706,747,1728,751,1600,473,1555,568,1619,675,1601,551,1503,637,1540,756,1442,819,1464,469,1342,539,1322,640,1322,758,1336,871,1360,1115,1068,1278,872,1435,747,876,809,978,517,1033,317,1071,172,674,795,705,444,708,203,700,39,501,855,459,533,423,300,396,127,343,926,229,693,156,530,115,380
4355,377,1834,386,1748,495,1838,517,1807,760,1812,746,1666,434,1678,549,1725,650,1692,526,1611,618,1645,737,1560,796,1599,452,1444,505,1424,609,1428,727,1440,852,1526,1147,1274,1320,1085,1480,949,874,871,985,556,1045,340,1084,182,665,862,701,496,715,232,712,62,487,924,479,579,474,324,480,144,314,1012,223,765,166,598,115,452
4356,363,1725,391,1643,472,1719,514,1706,746,1739,763,1632,432,1576,536,1643,659,1641,520,1530,592,1574,743,1462,818,1498,442,1379,512,1344,616,1335,738,1352,861,1414,1127,1130,1269,927,1403,791,882,766,940,466,962,285,993,140,660,767,659,418,641,189,636,31,472,847,409,516,369,299,352,146,281,942,165,712,106,569,69,432
4357,378,1817,398,1726,508,1821,547,1802,784,1825,793,1679,461,1659,572,1712,676,1701,546,1587,631,1629,765,1562,835,1615,469,1429,555,1403,662,1417,764,1444,893,1551,1182,1289,1371,1113,1536,965,925,886,1009,559,1049,346,1073,187,701,848,735,455,739,192,735,21,530,906,489,544,449,311,422,137,354,985,219,735,146,583,103,431
4358,285,2136,287,2040,412,2158,445,2104,709,2110,703,1932,389,1930,456,2005,571,1973,435,1845,530,1892,702,1796,762,1849,367,1662,444,1647,558,1642,697,1664,859,1746,1122,1371,1267,1086,1347,879,854,1007,934,630,970,391,968,228,624,1007,649,581,649,307,618,123,425,1082,404,682,394,424,392,234,239,1145,168,835,132,651,107,485
4359,467,2173,520,2037,612,2174,628,2189,921,2179,909,2002,536,2009,658,2073,777,2049,636,1930,736,1961,888,1835,968,1891,537,1749,615,1708,727,1704,876,1715,1022,1772,1296,1342,1431,1054,1523,845,1004,1006,1089,605,1124,355,1141,184,766,1010,770,550,751,258,728,70,564,1115,482,697,431,429,404,234,375,1202,241,908,167,733,112,570
4360,385,2158,430,2039,537,2151,558,2130,828,2153,841,1994,457,1977,564,2043,712,2027,580,1921,658,1946,828,1855,874,1890,474,1735,561,1712,675,1710,816,1737,960,1806,1257,1451,1342,1159,1435,931,957,1053,1035,668,1079,433,1102,245,716,1020,756,562,768,266,749,77,517,1111,490,684,457,407,426,216,325,1202,220,887,165,705,101,539
4362,506,2014,532,1886,681,2009,701,1978,986,1994,969,1805,603,1832,694,1894,837,1869,683,1746,774,1790,907,1681,993,1770,601,1560,699,1543,822,1545,929,1584,1055,1722,1361,1462,1516,1205,1632,1013,1085,936,1227,596,1291,381,1332,224,831,904,862,489,861,218,855,42,614,965,556,588,503,330,473,147,426,1061,269,795,189,632,125,474
4363,431,2266,458,2167,588,2281,601,2227,879,2264,870,2091,508,2148,620,2141,722,2132,589,2013,684,2065,827,1946,882,2013,496,1863,572,1825,672,1806,814,1820,979,1932,1307,1580,1517,1292,1669,1069,946,1108,1037,674,1049,409,1048,199,702,1116,761,628,772,303,762,84,503,1214,503,762,494,464,507,235,310,1311,211,970,156,769,120,560
4364,407,2335,429,2240,589,2356,594,2289,919,2315,921,2114,510,2148,622,2204,782,2183,595,2065,694,2098,856,1963,926,2030,517,1862,603,1820,700,1812,853,1842,980,1916,1354,1535,1554,1241,1742,1064,903,1037,936,599,941,318,940,126,665,1073,663,589,654,258,633,50,464,1181,399,728,356,410,352,185,282,1282,203,930,159,696,136,499
4365,341,2127,378,1997,489,2116,512,2113,829,2102,804,1918,411,1959,533,2023,656,1997,514,1882,600,1907,749,1775,831,1836,426,1698,494,1666,616,1649,763,1659,915,1712,1150,1313,1227,1006,1298,795,867,966,951,573,979,331,974,146,620,993,654,554,660,260,630,71,422,1092,405,683,390,409,383,214,220,1205,161,884,137,682,131,513
4366,457,2127,491,2001,642,2118,651,2147,1012,2140,981,1947,581,1973,691,2033,836,2027,692,1908,780,1931,941,1799,1023,1863,584,1690,670,1671,788,1657,929,1669,1067,1737,1422,1427,1589,1210,1739,1019,1069,980,1212,635,1289,417,1357,250,809,972,829,548,814,258,801,69,585,1057,522,673,476,421,440,232,400,1193,260,934,176,794,99,635
4367,511,2231,542,2099,677,2225,683,2186,986,2179,959,1996,578,2043,705,2111,813,2072,666,1955,752,1994,874,1875,918,1914,562,1774,626,1747,737,1739,886,1744,999,1790,1297,1389,1398,1071,1453,826,965,1024,1016,620,1051,372,1081,178,733,1041,747,581,743,278,714,76,530,1146,466,721,410,432,382,232,326,1233,208,899,143,697,97,521
4374,284,1685,316,1591,394,1654,437,1653,638,1633,616,1537,359,1530,434,1580,557,1537,423,1461,486,1495,619,1399,669,1416,352,1316,397,1291,501,1289,604,1302,712,1332,901,1024,1015,830,1110,668,682,768,724,470,740,293,746,153,503,768,508,433,510,219,505,64,347,831,297,528,277,332,265,174,204,903,119,676,90,546,71,412
4375,602,1787,609,1703,719,1804,746,1805,988,1795,987,1658,671,1664,761,1712,879,1676,758,1595,831,1610,962,1484,1027,1523,654,1445,716,1406,835,1388,945,1386,1077,1434,1296,1103,1416,844,1505,666,975,815,1037,493,1085,295,1120,137,773,831,777,481,765,240,738,72,593,932,505,614,445,392,411,226,430,1059,285,836,200,696,122,558
4376,353,1696,380,1601,461,1698,481,1712,696,1708,706,1584,428,1557,509,1615,612,1600,503,1486,577,1531,704,1438,743,1469,441,1355,500,1332,594,1325,697,1333,822,1376,1015,1063,1133,839,1214,666,797,790,869,498,913,314,946,178,597,785,604,438,603,211,590,61,433,856,401,535,393,325,385,171,276,949,173,728,122,595,91,469
4377,298,1732,328,1662,408,1716,423,1726,650,1700,631,1591,374,1596,447,1644,563,1598,429,1522,495,1549,595,1462,681,1496,371,1381,433,1358,507,1353,614,1361,735,1424,953,1125,1067,916,1156,757,741,826,844,535,894,350,908,215,553,805,585,459,598,231,588,85,376,871,329,557,296,350,269,205,231,960,148,724,109,598,73,470
4378,306,1590,328,1525,398,1600,427,1585,629,1605,641,1499,381,1471,448,1519,558,1504,455,1415,520,1451,641,1358,669,1381,375,1269,441,1249,540,1250,638,1253,737,1312,961,1045,1085,857,1147,697,739,735,801,450,838,264,858,131,558,724,556,397,552,176,539,38,394,772,360,465,341,252,331,110,251,856,160,629,117,489,86,363
4380,314,1611,382,1547,427,1610,469,1629,683,1690,711,1583,448,1525,530,1576,639,1574,527,1476,608,1512,740,1405,774,1450,454,1326,515,1304,628,1301,730,1316,829,1376,1092,1126,1260,962,1397,834,798,768,853,467,877,276,886,136,609,774,614,436,609,209,586,58,450,834,413,512,395,296,389,142,289,937,182,706,125,557,70,424
4381,243,1778,251,1689,353,1769,387,1774,602,1771,595,1655,317,1659,390,1697,516,1673,389,1585,463,1619,567,1516,630,1541,297,1420,369,1403,457,1399,583,1395,700,1438,889,1083,990,854,1055,641,660,818,721,502,746,282,752,118,480,824,515,471,521,225,509,51,315,885,318,558,317,327,322,154,165,968,146,708,133,539,155,385
4382,384,1913,397,1838,490,1914,515,1891,747,1909,748,1761,448,1795,516,1829,627,1809,517,1707,591,1737,728,1612,761,1657,425,1563,490,1530,580,1509,706,1505,832,1554,969,1151,1078,905,1127,712,746,889,786,531,801,311,800,150,551,903,564,509,569,247,559,74,383,993,349,623,332,374,328,198,234,1110,155,823,114,656,95,503
4383,304,1908,343,1819,436,1907,474,1902,698,1911,703,1759,392,1788,484,1830,597,1810,466,1731,556,1757,677,1633,718,1688,376,1581,444,1553,534,1535,663,1528,789,1582,928,1150,1040,865,1085,652,681,889,794,531,859,303,906,140,475,925,531,535,546,251,554,65,311,1024,313,639,323,369,337,195,168,1131,128,822,115,626,128,465
4384,337,1900,393,1775,485,1876,510,1858,751,1867,765,1712,425,1741,534,1780,659,1749,518,1655,604,1675,746,1563,780,1602,406,1492,491,1466,605,1447,715,1449,840,1517,1119,1218,1161,941,1221,740,807,842,891,513,920,306,930,149,584,847,629,474,637,221,631,55,399,935,393,572,394,330,407,159,225,1046,179,771,151,593,160,437
4385,505,1977,509,1878,646,1977,679,1943,907,1931,906,1778,581,1823,675,1851,799,1820,651,1736,746,1767,863,1638,944,1703,563,1582,624,1556,728,1533,837,1540,960,1606,1198,1268,1317,1013,1431,832,882,893,982,536,1024,316,1033,153,666,914,690,505,686,238,674,68,482,1017,412,630,375,379,363,208,333,1144,203,874,137,702,88,549
4386,392,1883,411,1794,521,1887,551,1882,788,1867,757,1719,464,1748,546,1804,644,1782,535,1686,606,1716,751,1622,769,1659,462,1536,495,1506,616,1514,737,1520,832,1561,1064,1165,1156,901,1225,693,840,898,906,540,952,336,986,180,654,877,628,461,602,199,577,32,482,951,412,578,355,336,317,163,323,1034,199,762,152,590,126,436
4387,637,1906,657,1829,745,1904,763,1883,1006,1895,999,1738,687,1769,779,1810,893,1782,763,1704,843,1727,967,1620,995,1668,663,1565,736,1537,844,1523,952,1537,1060,1589,1353,1254,1507,1004,1619,822,1011,880,1083,516,1112,291,1124,113,807,916,825,522,818,252,797,65,630,1012,521,651,451,411,411,222,471,1100,281,874,167,736,65,589
4388,398,2080,422,1976,539,2077,565,2097,839,2120,854,1948,514,1947,619,2007,730,1993,597,1867,701,1907,834,1787,877,1823,502,1699,590,1684,671,1676,809,1674,937,1738,1211,1315,1381,1052,1523,889,825,927,875,518,894,276,894,107,613,957,617,507,587,215,547,42,433,1065,390,634,357,357,350,179,261,1179,167,869,112,681,82,527
4389,177,2042,222,1924,327,2037,350,2012,618,2020,598,1857,285,1892,379,1953,494,1922,358,1826,445,1857,590,1763,638,1802,294,1663,355,1644,445,1640,583,1647,699,1687,885,1270,949,975,999,758,687,942,727,558,730,324,721,149,489,947,544,517,563,232,546,46,316,1027,342,626,366,356,391,169,160,1103,150,797,151,612,145,449
4390,482,1919,535,1821,617,1902,649,1893,916,1867,900,1726,568,1802,663,1815,792,1778,633,1699,727,1726,859,1615,889,1670,534,1560,608,1534,702,1512,825,1506,956,1576,1219,1253,1375,999,1495,832,882,884,1008,545,1052,320,1073,163,636,919,648,515,645,244,631,82,456,1025,414,659,378,412,359,248,282,1133,200,856,146,696,113,548
4391,426,2019,460,1916,590,2042,607,1996,864,1995,853,1843,539,1884,625,1937,751,1900,588,1786,669,1815,814,1729,851,1759,509,1596,602,1582,708,1590,830,1607,931,1673,1240,1349,1410,1108,1573,953,955,935,1086,580,1148,350,1175,172,718,924,734,504,717,224,694,39,536,1025,488,638,457,385,436,202,354,1106,207,840,124,676,56,516
4392,526,1945,554,1852,680,1951,696,1970,985,2026,983,1855,646,1872,748,1922,859,1902,732,1821,818,1841,911,1716,958,1783,635,1667,691,1639,806,1620,940,1618,1045,1691,1353,1374,1512,1146,1625,969,1006,932,1132,577,1191,347,1229,187,777,949,814,530,823,236,812,55,571,1061,516,670,467,402,461,211,377,1183,257,897,172,720,113,558
4393,379,1964,410,1871,529,1957,544,1944,821,1977,806,1830,478,1814,577,1885,707,1864,577,1756,669,1790,802,1677,848,1716,507,1574,568,1564,652,1554,781,1568,923,1641,1206,1311,1391,1087,1528,947,881,893,973,528,1002,308,1020,145,673,913,719,498,716,233,704,66,497,1017,483,621,466,363,451,200,320,1086,215,802,153,630,109,479
4479,246,1666,256,1590,344,1665,374,1667,597,1668,581,1545,298,1532,388,1585,485,1565,361,1470,444,1515,536,1431,621,1456,302,1337,355,1318,450,1321,561,1337,671,1378,877,1103,953,878,1027,706,638,813,670,511,677,325,654,185,462,788,493,442,498,209,475,60,293,850,311,523,317,299,327,148,136,955,113,713,99,555,91,415
4480,388,1825,428,1769,501,1826,537,1820,742,1832,745,1753,475,1693,552,1753,692,1739,560,1650,633,1697,754,1612,824,1657,486,1500,561,1475,656,1487,765,1513,882,1596,1177,1341,1374,1191,1565,1138,917,959,1053,640,1134,446,1168,301,715,896,774,500,799,218,803,60,513,929,434,544,369,287,328,131,328,1026,171,771,101,606,55,469
4481,612,1915,663,1797,731,1945,776,1913,1010,1957,1038,1792,704,1784,810,1833,915,1825,793,1719,874,1740,1009,1616,1073,1691,711,1556,777,1524,876,1513,992,1517,1136,1597,1361,1253,1584,1076,1722,939,1051,865,1144,525,1199,330,1221,181,814,881,821,485,831,237,820,83,619,982,528,622,454,384,415,224,442,1120,273,900,169,775,86,645
4482,483,1907,545,1798,626,1878,632,1894,896,1872,880,1726,580,1770,673,1802,786,1772,669,1694,740,1708,852,1596,934,1644,579,1545,637,1503,738,1498,855,1497,993,1543,1164,1179,1263,925,1364,736,874,879,913,527,941,318,942,164,670,896,670,490,668,226,643,63,489,979,418,605,379,351,354,184,329,1119,196,849,108,680,62,543
4483,576,2086,609,1994,739,2109,776,2090,1037,2134,1031,1973,704,1988,799,2028,902,2023,808,1912,874,1936,978,1819,1033,1872,696,1748,760,1721,866,1726,966,1717,1097,1774,1305,1338,1498,1056,1663,872,941,991,1030,557,1067,308,1081,136,723,1038,717,537,671,216,634,31,552,1133,485,670,436,362,417,165,370,1260,233,921,142,722,91,566
4484,534,2044,524,1985,659,2042,673,2032,945,2069,932,1906,591,1926,703,1978,819,1958,703,1857,788,1882,883,1783,959,1826,616,1688,662,1668,787,1661,897,1671,1012,1726,1311,1342,1477,1078,1615,906,964,953,1030,552,1055,325,1070,159,747,990,756,533,750,252,741,67,568,1080,485,649,440,378,427,184,384,1201,196,921,101,743,61,595
4487,573,1890,578,1809,686,1897,723,1883,958,1912,961,1795,664,1759,754,1812,878,1797,734,1707,832,1752,959,1647,1008,1705,655,1574,726,1533,837,1522,942,1546,1086,1646,1343,1348,1529,1119,1685,954,1029,966,1115,617,1163,397,1202,217,811,946,809,538,792,255,767,51,620,1024,546,642,498,380,473,180,438,1154,278,907,172,744,83,587
4488,317,1729,333,1643,438,1744,466,1749,683,1800,715,1681,452,1625,555,1673,669,1663,531,1557,635,1589,747,1473,804,1537,444,1417,500,1376,613,1350,737,1376,885,1478,1103,1148,1211,903,1245,719,801,795,841,453,860,265,850,114,582,823,583,459,581,219,566,56,391,901,344,565,306,338,295,174,212,1034,120,767,84,618,66,463
4490,708,2248,724,2168,835,2252,861,2250,1164,2236,1134,2052,769,2115,897,2152,1009,2125,855,2010,956,2040,1104,1903,1178,1929,760,1807,826,1773,945,1768,1091,1762,1244,1814,1556,1442,1661,1133,1798,906,1170,1030,1224,647,1232,399,1221,203,913,1031,908,582,895,283,870,71,689,1129,610,714,568,436,550,224,459,1269,231,1013,123,856,53,680
4491,447,2119,497,2008,607,2105,620,2125,921,2139,918,1967,570,1975,680,2044,808,2019,654,1898,741,1945,890,1827,952,1888,585,1713,658,1678,744,1682,898,1708,1042,1755,1344,1381,1510,1101,1614,900,1038,974,1138,597,1191,366,1221,198,792,982,776,533,757,239,715,64,586,1085,494,673,421,395,367,211,393,1184,242,899,138,719,57,573
4492,496,2244,522,2129,658,2198,679,2223,1000,2195,988,2030,577,2069,733,2134,857,2104,682,1975,801,2047,932,1901,1011,1951,625,1775,691,1769,824,1780,946,1805,1087,1868,1389,1443,1533,1121,1625,902,1013,1035,1102,622,1152,366,1193,188,768,1038,762,563,760,252,748,48,573,1120,513,666,482,369,455,167,363,1249,221,918,127,714,51,557
4493,465,2178,501,2023,623,2170,634,2154,910,2167,902,1980,535,2011,666,2063,756,2049,624,1922,711,1962,873,1834,920,1875,539,1725,616,1689,716,1690,862,1723,984,1766,1313,1394,1451,1070,1548,846,924,1026,985,620,1009,367,1009,182,695,1013,707,558,693,245,657,49,502,1105,438,680,391,396,362,203,329,1195,200,881,130,685,88,520
4494,322,2221,328,2113,496,2170,512,2196,802,2082,743,1920,355,2010,474,2088,613,2018,402,1903,522,1956,678,1841,763,1871,329,1730,410,1702,534,1714,663,1726,810,1775,1135,1446,1323,1178,1508,1006,778,1051,861,643,896,387,917,194,546,1041,606,579,622,267,598,59,347,1134,360,698,347,411,360,205,170,1225,153,877,134,669,135,484
